id,Personality
18524,Extrovert
18525,Extrovert
18526,Extrovert
18527,Extrovert
18528,Extrovert
18529,Extrovert
18530,Extrovert
18531,Extrovert
18532,Extrovert
18533,Extrovert
18534,Extrovert
18535,Extrovert
18536,Extrovert
18537,Extrovert
18538,Extrovert
18539,Extrovert
18540,Extrovert
18541,Extrovert
18542,Extrovert
18543,Extrovert
18544,Extrovert
18545,Extrovert
18546,Extrovert
18547,Extrovert
18548,Extrovert
18549,Extrovert
18550,Extrovert
18551,Extrovert
18552,Extrovert
18553,Extrovert
18554,Extrovert
18555,Extrovert
18556,Extrovert
18557,Extrovert
18558,Extrovert
18559,Extrovert
18560,Extrovert
18561,Extrovert
18562,Extrovert
18563,Extrovert
18564,Extrovert
18565,Extrovert
18566,Extrovert
18567,Extrovert
18568,Extrovert
18569,Extrovert
18570,Extrovert
18571,Extrovert
18572,Extrovert
18573,Extrovert
18574,Extrovert
18575,Extrovert
18576,Extrovert
18577,Extrovert
18578,Extrovert
18579,Extrovert
18580,Extrovert
18581,Extrovert
18582,Extrovert
18583,Extrovert
18584,Extrovert
18585,Extrovert
18586,Extrovert
18587,Extrovert
18588,Extrovert
18589,Extrovert
18590,Extrovert
18591,Extrovert
18592,Extrovert
18593,Extrovert
18594,Extrovert
18595,Extrovert
18596,Extrovert
18597,Extrovert
18598,Extrovert
18599,Extrovert
18600,Extrovert
18601,Extrovert
18602,Extrovert
18603,Extrovert
18604,Extrovert
18605,Extrovert
18606,Extrovert
18607,Extrovert
18608,Extrovert
18609,Extrovert
18610,Extrovert
18611,Extrovert
18612,Extrovert
18613,Extrovert
18614,Extrovert
18615,Extrovert
18616,Extrovert
18617,Extrovert
18618,Extrovert
18619,Extrovert
18620,Extrovert
18621,Extrovert
18622,Extrovert
18623,Extrovert
18624,Extrovert
18625,Extrovert
18626,Extrovert
18627,Extrovert
18628,Extrovert
18629,Extrovert
18630,Extrovert
18631,Extrovert
18632,Extrovert
18633,Extrovert
18634,Extrovert
18635,Extrovert
18636,Extrovert
18637,Extrovert
18638,Extrovert
18639,Extrovert
18640,Extrovert
18641,Extrovert
18642,Extrovert
18643,Extrovert
18644,Extrovert
18645,Extrovert
18646,Extrovert
18647,Extrovert
18648,Extrovert
18649,Extrovert
18650,Extrovert
18651,Extrovert
18652,Extrovert
18653,Extrovert
18654,Extrovert
18655,Extrovert
18656,Extrovert
18657,Extrovert
18658,Extrovert
18659,Extrovert
18660,Extrovert
18661,Extrovert
18662,Extrovert
18663,Extrovert
18664,Extrovert
18665,Extrovert
18666,Extrovert
18667,Extrovert
18668,Extrovert
18669,Extrovert
18670,Extrovert
18671,Extrovert
18672,Extrovert
18673,Extrovert
18674,Extrovert
18675,Extrovert
18676,Extrovert
18677,Extrovert
18678,Extrovert
18679,Extrovert
18680,Extrovert
18681,Extrovert
18682,Extrovert
18683,Extrovert
18684,Extrovert
18685,Extrovert
18686,Extrovert
18687,Extrovert
18688,Extrovert
18689,Extrovert
18690,Extrovert
18691,Extrovert
18692,Extrovert
18693,Extrovert
18694,Extrovert
18695,Extrovert
18696,Extrovert
18697,Extrovert
18698,Extrovert
18699,Extrovert
18700,Extrovert
18701,Extrovert
18702,Extrovert
18703,Extrovert
18704,Extrovert
18705,Extrovert
18706,Extrovert
18707,Extrovert
18708,Extrovert
18709,Extrovert
18710,Extrovert
18711,Extrovert
18712,Extrovert
18713,Extrovert
18714,Extrovert
18715,Extrovert
18716,Extrovert
18717,Extrovert
18718,Extrovert
18719,Extrovert
18720,Extrovert
18721,Extrovert
18722,Extrovert
18723,Extrovert
18724,Extrovert
18725,Extrovert
18726,Extrovert
18727,Extrovert
18728,Extrovert
18729,Extrovert
18730,Extrovert
18731,Extrovert
18732,Extrovert
18733,Extrovert
18734,Extrovert
18735,Extrovert
18736,Extrovert
18737,Extrovert
18738,Extrovert
18739,Extrovert
18740,Extrovert
18741,Extrovert
18742,Extrovert
18743,Extrovert
18744,Extrovert
18745,Extrovert
18746,Extrovert
18747,Extrovert
18748,Extrovert
18749,Extrovert
18750,Extrovert
18751,Extrovert
18752,Extrovert
18753,Extrovert
18754,Extrovert
18755,Extrovert
18756,Extrovert
18757,Extrovert
18758,Extrovert
18759,Extrovert
18760,Extrovert
18761,Extrovert
18762,Extrovert
18763,Extrovert
18764,Extrovert
18765,Extrovert
18766,Extrovert
18767,Extrovert
18768,Extrovert
18769,Extrovert
18770,Extrovert
18771,Extrovert
18772,Extrovert
18773,Extrovert
18774,Extrovert
18775,Extrovert
18776,Extrovert
18777,Extrovert
18778,Extrovert
18779,Extrovert
18780,Extrovert
18781,Extrovert
18782,Extrovert
18783,Extrovert
18784,Extrovert
18785,Extrovert
18786,Extrovert
18787,Extrovert
18788,Extrovert
18789,Extrovert
18790,Extrovert
18791,Extrovert
18792,Extrovert
18793,Extrovert
18794,Extrovert
18795,Extrovert
18796,Extrovert
18797,Extrovert
18798,Extrovert
18799,Extrovert
18800,Extrovert
18801,Extrovert
18802,Extrovert
18803,Extrovert
18804,Extrovert
18805,Extrovert
18806,Extrovert
18807,Extrovert
18808,Extrovert
18809,Extrovert
18810,Extrovert
18811,Extrovert
18812,Extrovert
18813,Extrovert
18814,Extrovert
18815,Extrovert
18816,Extrovert
18817,Extrovert
18818,Extrovert
18819,Extrovert
18820,Extrovert
18821,Extrovert
18822,Extrovert
18823,Extrovert
18824,Extrovert
18825,Extrovert
18826,Extrovert
18827,Extrovert
18828,Extrovert
18829,Extrovert
18830,Extrovert
18831,Extrovert
18832,Extrovert
18833,Extrovert
18834,Extrovert
18835,Extrovert
18836,Extrovert
18837,Extrovert
18838,Extrovert
18839,Extrovert
18840,Extrovert
18841,Extrovert
18842,Extrovert
18843,Extrovert
18844,Extrovert
18845,Extrovert
18846,Extrovert
18847,Extrovert
18848,Extrovert
18849,Extrovert
18850,Extrovert
18851,Extrovert
18852,Extrovert
18853,Extrovert
18854,Extrovert
18855,Extrovert
18856,Extrovert
18857,Extrovert
18858,Extrovert
18859,Extrovert
18860,Extrovert
18861,Extrovert
18862,Extrovert
18863,Extrovert
18864,Extrovert
18865,Extrovert
18866,Extrovert
18867,Extrovert
18868,Extrovert
18869,Extrovert
18870,Extrovert
18871,Extrovert
18872,Extrovert
18873,Extrovert
18874,Extrovert
18875,Extrovert
18876,Extrovert
18877,Extrovert
18878,Extrovert
18879,Extrovert
18880,Extrovert
18881,Extrovert
18882,Extrovert
18883,Extrovert
18884,Extrovert
18885,Extrovert
18886,Extrovert
18887,Extrovert
18888,Extrovert
18889,Extrovert
18890,Extrovert
18891,Extrovert
18892,Extrovert
18893,Extrovert
18894,Extrovert
18895,Extrovert
18896,Extrovert
18897,Extrovert
18898,Extrovert
18899,Extrovert
18900,Extrovert
18901,Extrovert
18902,Extrovert
18903,Extrovert
18904,Extrovert
18905,Extrovert
18906,Extrovert
18907,Extrovert
18908,Extrovert
18909,Extrovert
18910,Extrovert
18911,Extrovert
18912,Extrovert
18913,Extrovert
18914,Extrovert
18915,Extrovert
18916,Extrovert
18917,Extrovert
18918,Extrovert
18919,Extrovert
18920,Extrovert
18921,Extrovert
18922,Extrovert
18923,Extrovert
18924,Extrovert
18925,Extrovert
18926,Extrovert
18927,Extrovert
18928,Extrovert
18929,Extrovert
18930,Extrovert
18931,Extrovert
18932,Extrovert
18933,Extrovert
18934,Extrovert
18935,Extrovert
18936,Extrovert
18937,Extrovert
18938,Extrovert
18939,Extrovert
18940,Extrovert
18941,Extrovert
18942,Extrovert
18943,Extrovert
18944,Extrovert
18945,Extrovert
18946,Extrovert
18947,Extrovert
18948,Extrovert
18949,Extrovert
18950,Extrovert
18951,Extrovert
18952,Extrovert
18953,Extrovert
18954,Extrovert
18955,Extrovert
18956,Extrovert
18957,Extrovert
18958,Extrovert
18959,Extrovert
18960,Extrovert
18961,Extrovert
18962,Extrovert
18963,Extrovert
18964,Extrovert
18965,Extrovert
18966,Extrovert
18967,Extrovert
18968,Extrovert
18969,Extrovert
18970,Extrovert
18971,Extrovert
18972,Extrovert
18973,Extrovert
18974,Extrovert
18975,Extrovert
18976,Extrovert
18977,Extrovert
18978,Extrovert
18979,Extrovert
18980,Extrovert
18981,Extrovert
18982,Extrovert
18983,Extrovert
18984,Extrovert
18985,Extrovert
18986,Extrovert
18987,Extrovert
18988,Extrovert
18989,Extrovert
18990,Extrovert
18991,Extrovert
18992,Extrovert
18993,Extrovert
18994,Extrovert
18995,Extrovert
18996,Extrovert
18997,Extrovert
18998,Extrovert
18999,Extrovert
19000,Extrovert
19001,Extrovert
19002,Extrovert
19003,Extrovert
19004,Extrovert
19005,Extrovert
19006,Extrovert
19007,Extrovert
19008,Extrovert
19009,Extrovert
19010,Extrovert
19011,Extrovert
19012,Extrovert
19013,Extrovert
19014,Extrovert
19015,Extrovert
19016,Extrovert
19017,Extrovert
19018,Extrovert
19019,Extrovert
19020,Extrovert
19021,Extrovert
19022,Extrovert
19023,Extrovert
19024,Extrovert
19025,Extrovert
19026,Extrovert
19027,Extrovert
19028,Extrovert
19029,Extrovert
19030,Extrovert
19031,Extrovert
19032,Extrovert
19033,Extrovert
19034,Extrovert
19035,Extrovert
19036,Extrovert
19037,Extrovert
19038,Extrovert
19039,Extrovert
19040,Extrovert
19041,Extrovert
19042,Extrovert
19043,Extrovert
19044,Extrovert
19045,Extrovert
19046,Extrovert
19047,Extrovert
19048,Extrovert
19049,Extrovert
19050,Extrovert
19051,Extrovert
19052,Extrovert
19053,Extrovert
19054,Extrovert
19055,Extrovert
19056,Extrovert
19057,Extrovert
19058,Extrovert
19059,Extrovert
19060,Extrovert
19061,Extrovert
19062,Extrovert
19063,Extrovert
19064,Extrovert
19065,Extrovert
19066,Extrovert
19067,Extrovert
19068,Extrovert
19069,Extrovert
19070,Extrovert
19071,Extrovert
19072,Extrovert
19073,Extrovert
19074,Extrovert
19075,Extrovert
19076,Extrovert
19077,Extrovert
19078,Extrovert
19079,Extrovert
19080,Extrovert
19081,Extrovert
19082,Extrovert
19083,Extrovert
19084,Extrovert
19085,Extrovert
19086,Extrovert
19087,Extrovert
19088,Extrovert
19089,Extrovert
19090,Extrovert
19091,Extrovert
19092,Extrovert
19093,Extrovert
19094,Extrovert
19095,Extrovert
19096,Extrovert
19097,Extrovert
19098,Extrovert
19099,Extrovert
19100,Extrovert
19101,Extrovert
19102,Extrovert
19103,Extrovert
19104,Extrovert
19105,Extrovert
19106,Extrovert
19107,Extrovert
19108,Extrovert
19109,Extrovert
19110,Extrovert
19111,Extrovert
19112,Extrovert
19113,Extrovert
19114,Extrovert
19115,Extrovert
19116,Extrovert
19117,Extrovert
19118,Extrovert
19119,Extrovert
19120,Extrovert
19121,Extrovert
19122,Extrovert
19123,Extrovert
19124,Extrovert
19125,Extrovert
19126,Extrovert
19127,Extrovert
19128,Extrovert
19129,Extrovert
19130,Extrovert
19131,Extrovert
19132,Extrovert
19133,Extrovert
19134,Extrovert
19135,Extrovert
19136,Extrovert
19137,Extrovert
19138,Extrovert
19139,Extrovert
19140,Extrovert
19141,Extrovert
19142,Extrovert
19143,Extrovert
19144,Extrovert
19145,Extrovert
19146,Extrovert
19147,Extrovert
19148,Extrovert
19149,Extrovert
19150,Extrovert
19151,Extrovert
19152,Extrovert
19153,Extrovert
19154,Extrovert
19155,Extrovert
19156,Extrovert
19157,Extrovert
19158,Extrovert
19159,Extrovert
19160,Extrovert
19161,Extrovert
19162,Extrovert
19163,Extrovert
19164,Extrovert
19165,Extrovert
19166,Extrovert
19167,Extrovert
19168,Extrovert
19169,Extrovert
19170,Extrovert
19171,Extrovert
19172,Extrovert
19173,Extrovert
19174,Extrovert
19175,Extrovert
19176,Extrovert
19177,Extrovert
19178,Extrovert
19179,Extrovert
19180,Extrovert
19181,Extrovert
19182,Extrovert
19183,Extrovert
19184,Extrovert
19185,Extrovert
19186,Extrovert
19187,Extrovert
19188,Extrovert
19189,Extrovert
19190,Extrovert
19191,Extrovert
19192,Extrovert
19193,Extrovert
19194,Extrovert
19195,Extrovert
19196,Extrovert
19197,Extrovert
19198,Extrovert
19199,Extrovert
19200,Extrovert
19201,Extrovert
19202,Extrovert
19203,Extrovert
19204,Extrovert
19205,Extrovert
19206,Extrovert
19207,Extrovert
19208,Extrovert
19209,Extrovert
19210,Extrovert
19211,Extrovert
19212,Extrovert
19213,Extrovert
19214,Extrovert
19215,Extrovert
19216,Extrovert
19217,Extrovert
19218,Extrovert
19219,Extrovert
19220,Extrovert
19221,Extrovert
19222,Extrovert
19223,Extrovert
19224,Extrovert
19225,Extrovert
19226,Extrovert
19227,Extrovert
19228,Extrovert
19229,Extrovert
19230,Extrovert
19231,Extrovert
19232,Extrovert
19233,Extrovert
19234,Extrovert
19235,Extrovert
19236,Extrovert
19237,Extrovert
19238,Extrovert
19239,Extrovert
19240,Extrovert
19241,Extrovert
19242,Extrovert
19243,Extrovert
19244,Extrovert
19245,Extrovert
19246,Extrovert
19247,Extrovert
19248,Extrovert
19249,Extrovert
19250,Extrovert
19251,Extrovert
19252,Extrovert
19253,Extrovert
19254,Extrovert
19255,Extrovert
19256,Extrovert
19257,Extrovert
19258,Extrovert
19259,Extrovert
19260,Extrovert
19261,Extrovert
19262,Extrovert
19263,Extrovert
19264,Extrovert
19265,Extrovert
19266,Extrovert
19267,Extrovert
19268,Extrovert
19269,Extrovert
19270,Extrovert
19271,Extrovert
19272,Extrovert
19273,Extrovert
19274,Extrovert
19275,Extrovert
19276,Extrovert
19277,Extrovert
19278,Extrovert
19279,Extrovert
19280,Extrovert
19281,Extrovert
19282,Extrovert
19283,Extrovert
19284,Extrovert
19285,Extrovert
19286,Extrovert
19287,Extrovert
19288,Extrovert
19289,Extrovert
19290,Extrovert
19291,Extrovert
19292,Extrovert
19293,Extrovert
19294,Extrovert
19295,Extrovert
19296,Extrovert
19297,Extrovert
19298,Extrovert
19299,Extrovert
19300,Extrovert
19301,Extrovert
19302,Extrovert
19303,Extrovert
19304,Extrovert
19305,Extrovert
19306,Extrovert
19307,Extrovert
19308,Extrovert
19309,Extrovert
19310,Extrovert
19311,Extrovert
19312,Extrovert
19313,Extrovert
19314,Extrovert
19315,Extrovert
19316,Extrovert
19317,Extrovert
19318,Extrovert
19319,Extrovert
19320,Extrovert
19321,Extrovert
19322,Extrovert
19323,Extrovert
19324,Extrovert
19325,Extrovert
19326,Extrovert
19327,Extrovert
19328,Extrovert
19329,Extrovert
19330,Extrovert
19331,Extrovert
19332,Extrovert
19333,Extrovert
19334,Extrovert
19335,Extrovert
19336,Extrovert
19337,Extrovert
19338,Extrovert
19339,Extrovert
19340,Extrovert
19341,Extrovert
19342,Extrovert
19343,Extrovert
19344,Extrovert
19345,Extrovert
19346,Extrovert
19347,Extrovert
19348,Extrovert
19349,Extrovert
19350,Extrovert
19351,Extrovert
19352,Extrovert
19353,Extrovert
19354,Extrovert
19355,Extrovert
19356,Extrovert
19357,Extrovert
19358,Extrovert
19359,Extrovert
19360,Extrovert
19361,Extrovert
19362,Extrovert
19363,Extrovert
19364,Extrovert
19365,Extrovert
19366,Extrovert
19367,Extrovert
19368,Extrovert
19369,Extrovert
19370,Extrovert
19371,Extrovert
19372,Extrovert
19373,Extrovert
19374,Extrovert
19375,Extrovert
19376,Extrovert
19377,Extrovert
19378,Extrovert
19379,Extrovert
19380,Extrovert
19381,Extrovert
19382,Extrovert
19383,Extrovert
19384,Extrovert
19385,Extrovert
19386,Extrovert
19387,Extrovert
19388,Extrovert
19389,Extrovert
19390,Extrovert
19391,Extrovert
19392,Extrovert
19393,Extrovert
19394,Extrovert
19395,Extrovert
19396,Extrovert
19397,Extrovert
19398,Extrovert
19399,Extrovert
19400,Extrovert
19401,Extrovert
19402,Extrovert
19403,Extrovert
19404,Extrovert
19405,Extrovert
19406,Extrovert
19407,Extrovert
19408,Extrovert
19409,Extrovert
19410,Extrovert
19411,Extrovert
19412,Extrovert
19413,Extrovert
19414,Extrovert
19415,Extrovert
19416,Extrovert
19417,Extrovert
19418,Extrovert
19419,Extrovert
19420,Extrovert
19421,Extrovert
19422,Extrovert
19423,Extrovert
19424,Extrovert
19425,Extrovert
19426,Extrovert
19427,Extrovert
19428,Extrovert
19429,Extrovert
19430,Extrovert
19431,Extrovert
19432,Extrovert
19433,Extrovert
19434,Extrovert
19435,Extrovert
19436,Extrovert
19437,Extrovert
19438,Extrovert
19439,Extrovert
19440,Extrovert
19441,Extrovert
19442,Extrovert
19443,Extrovert
19444,Extrovert
19445,Extrovert
19446,Extrovert
19447,Extrovert
19448,Extrovert
19449,Extrovert
19450,Extrovert
19451,Extrovert
19452,Extrovert
19453,Extrovert
19454,Extrovert
19455,Extrovert
19456,Extrovert
19457,Extrovert
19458,Extrovert
19459,Extrovert
19460,Extrovert
19461,Extrovert
19462,Extrovert
19463,Extrovert
19464,Extrovert
19465,Extrovert
19466,Extrovert
19467,Extrovert
19468,Extrovert
19469,Extrovert
19470,Extrovert
19471,Extrovert
19472,Extrovert
19473,Extrovert
19474,Extrovert
19475,Extrovert
19476,Extrovert
19477,Extrovert
19478,Extrovert
19479,Extrovert
19480,Extrovert
19481,Extrovert
19482,Extrovert
19483,Extrovert
19484,Extrovert
19485,Extrovert
19486,Extrovert
19487,Extrovert
19488,Extrovert
19489,Extrovert
19490,Extrovert
19491,Extrovert
19492,Extrovert
19493,Extrovert
19494,Extrovert
19495,Extrovert
19496,Extrovert
19497,Extrovert
19498,Extrovert
19499,Extrovert
19500,Extrovert
19501,Extrovert
19502,Extrovert
19503,Extrovert
19504,Extrovert
19505,Extrovert
19506,Extrovert
19507,Extrovert
19508,Extrovert
19509,Extrovert
19510,Extrovert
19511,Extrovert
19512,Extrovert
19513,Extrovert
19514,Extrovert
19515,Extrovert
19516,Extrovert
19517,Extrovert
19518,Extrovert
19519,Extrovert
19520,Extrovert
19521,Extrovert
19522,Extrovert
19523,Extrovert
19524,Extrovert
19525,Extrovert
19526,Extrovert
19527,Extrovert
19528,Extrovert
19529,Extrovert
19530,Extrovert
19531,Extrovert
19532,Extrovert
19533,Extrovert
19534,Extrovert
19535,Extrovert
19536,Extrovert
19537,Extrovert
19538,Extrovert
19539,Extrovert
19540,Extrovert
19541,Extrovert
19542,Extrovert
19543,Extrovert
19544,Extrovert
19545,Extrovert
19546,Extrovert
19547,Extrovert
19548,Extrovert
19549,Extrovert
19550,Extrovert
19551,Extrovert
19552,Extrovert
19553,Extrovert
19554,Extrovert
19555,Extrovert
19556,Extrovert
19557,Extrovert
19558,Extrovert
19559,Extrovert
19560,Extrovert
19561,Extrovert
19562,Extrovert
19563,Extrovert
19564,Extrovert
19565,Extrovert
19566,Extrovert
19567,Extrovert
19568,Extrovert
19569,Extrovert
19570,Extrovert
19571,Extrovert
19572,Extrovert
19573,Extrovert
19574,Extrovert
19575,Extrovert
19576,Extrovert
19577,Extrovert
19578,Extrovert
19579,Extrovert
19580,Extrovert
19581,Extrovert
19582,Extrovert
19583,Extrovert
19584,Extrovert
19585,Extrovert
19586,Extrovert
19587,Extrovert
19588,Extrovert
19589,Extrovert
19590,Extrovert
19591,Extrovert
19592,Extrovert
19593,Extrovert
19594,Extrovert
19595,Extrovert
19596,Extrovert
19597,Extrovert
19598,Extrovert
19599,Extrovert
19600,Extrovert
19601,Extrovert
19602,Extrovert
19603,Extrovert
19604,Extrovert
19605,Extrovert
19606,Extrovert
19607,Extrovert
19608,Extrovert
19609,Extrovert
19610,Extrovert
19611,Extrovert
19612,Extrovert
19613,Extrovert
19614,Extrovert
19615,Extrovert
19616,Extrovert
19617,Extrovert
19618,Extrovert
19619,Extrovert
19620,Extrovert
19621,Extrovert
19622,Extrovert
19623,Extrovert
19624,Extrovert
19625,Extrovert
19626,Extrovert
19627,Extrovert
19628,Extrovert
19629,Extrovert
19630,Extrovert
19631,Extrovert
19632,Extrovert
19633,Extrovert
19634,Extrovert
19635,Extrovert
19636,Extrovert
19637,Extrovert
19638,Extrovert
19639,Extrovert
19640,Extrovert
19641,Extrovert
19642,Extrovert
19643,Extrovert
19644,Extrovert
19645,Extrovert
19646,Extrovert
19647,Extrovert
19648,Extrovert
19649,Extrovert
19650,Extrovert
19651,Extrovert
19652,Extrovert
19653,Extrovert
19654,Extrovert
19655,Extrovert
19656,Extrovert
19657,Extrovert
19658,Extrovert
19659,Extrovert
19660,Extrovert
19661,Extrovert
19662,Extrovert
19663,Extrovert
19664,Extrovert
19665,Extrovert
19666,Extrovert
19667,Extrovert
19668,Extrovert
19669,Extrovert
19670,Extrovert
19671,Extrovert
19672,Extrovert
19673,Extrovert
19674,Extrovert
19675,Extrovert
19676,Extrovert
19677,Extrovert
19678,Extrovert
19679,Extrovert
19680,Extrovert
19681,Extrovert
19682,Extrovert
19683,Extrovert
19684,Extrovert
19685,Extrovert
19686,Extrovert
19687,Extrovert
19688,Extrovert
19689,Extrovert
19690,Extrovert
19691,Extrovert
19692,Extrovert
19693,Extrovert
19694,Extrovert
19695,Extrovert
19696,Extrovert
19697,Extrovert
19698,Extrovert
19699,Extrovert
19700,Extrovert
19701,Extrovert
19702,Extrovert
19703,Extrovert
19704,Extrovert
19705,Extrovert
19706,Extrovert
19707,Extrovert
19708,Extrovert
19709,Extrovert
19710,Extrovert
19711,Extrovert
19712,Extrovert
19713,Extrovert
19714,Extrovert
19715,Extrovert
19716,Extrovert
19717,Extrovert
19718,Extrovert
19719,Extrovert
19720,Extrovert
19721,Extrovert
19722,Extrovert
19723,Extrovert
19724,Extrovert
19725,Extrovert
19726,Extrovert
19727,Extrovert
19728,Extrovert
19729,Extrovert
19730,Extrovert
19731,Extrovert
19732,Extrovert
19733,Extrovert
19734,Extrovert
19735,Extrovert
19736,Extrovert
19737,Extrovert
19738,Extrovert
19739,Extrovert
19740,Extrovert
19741,Extrovert
19742,Extrovert
19743,Extrovert
19744,Extrovert
19745,Extrovert
19746,Extrovert
19747,Extrovert
19748,Extrovert
19749,Extrovert
19750,Extrovert
19751,Extrovert
19752,Extrovert
19753,Extrovert
19754,Extrovert
19755,Extrovert
19756,Extrovert
19757,Extrovert
19758,Extrovert
19759,Extrovert
19760,Extrovert
19761,Extrovert
19762,Extrovert
19763,Extrovert
19764,Extrovert
19765,Extrovert
19766,Extrovert
19767,Extrovert
19768,Extrovert
19769,Extrovert
19770,Extrovert
19771,Extrovert
19772,Extrovert
19773,Extrovert
19774,Extrovert
19775,Extrovert
19776,Extrovert
19777,Extrovert
19778,Extrovert
19779,Extrovert
19780,Extrovert
19781,Extrovert
19782,Extrovert
19783,Extrovert
19784,Extrovert
19785,Extrovert
19786,Extrovert
19787,Extrovert
19788,Extrovert
19789,Extrovert
19790,Extrovert
19791,Extrovert
19792,Extrovert
19793,Extrovert
19794,Extrovert
19795,Extrovert
19796,Extrovert
19797,Extrovert
19798,Extrovert
19799,Extrovert
19800,Extrovert
19801,Extrovert
19802,Extrovert
19803,Extrovert
19804,Extrovert
19805,Extrovert
19806,Extrovert
19807,Extrovert
19808,Extrovert
19809,Extrovert
19810,Extrovert
19811,Extrovert
19812,Extrovert
19813,Extrovert
19814,Extrovert
19815,Extrovert
19816,Extrovert
19817,Extrovert
19818,Extrovert
19819,Extrovert
19820,Extrovert
19821,Extrovert
19822,Extrovert
19823,Extrovert
19824,Extrovert
19825,Extrovert
19826,Extrovert
19827,Extrovert
19828,Extrovert
19829,Extrovert
19830,Extrovert
19831,Extrovert
19832,Extrovert
19833,Extrovert
19834,Extrovert
19835,Extrovert
19836,Extrovert
19837,Extrovert
19838,Extrovert
19839,Extrovert
19840,Extrovert
19841,Extrovert
19842,Extrovert
19843,Extrovert
19844,Extrovert
19845,Extrovert
19846,Extrovert
19847,Extrovert
19848,Extrovert
19849,Extrovert
19850,Extrovert
19851,Extrovert
19852,Extrovert
19853,Extrovert
19854,Extrovert
19855,Extrovert
19856,Extrovert
19857,Extrovert
19858,Extrovert
19859,Extrovert
19860,Extrovert
19861,Extrovert
19862,Extrovert
19863,Extrovert
19864,Extrovert
19865,Extrovert
19866,Extrovert
19867,Extrovert
19868,Extrovert
19869,Extrovert
19870,Extrovert
19871,Extrovert
19872,Extrovert
19873,Extrovert
19874,Extrovert
19875,Extrovert
19876,Extrovert
19877,Extrovert
19878,Extrovert
19879,Extrovert
19880,Extrovert
19881,Extrovert
19882,Extrovert
19883,Extrovert
19884,Extrovert
19885,Extrovert
19886,Extrovert
19887,Extrovert
19888,Extrovert
19889,Extrovert
19890,Extrovert
19891,Extrovert
19892,Extrovert
19893,Extrovert
19894,Extrovert
19895,Extrovert
19896,Extrovert
19897,Extrovert
19898,Extrovert
19899,Extrovert
19900,Extrovert
19901,Extrovert
19902,Extrovert
19903,Extrovert
19904,Extrovert
19905,Extrovert
19906,Extrovert
19907,Extrovert
19908,Extrovert
19909,Extrovert
19910,Extrovert
19911,Extrovert
19912,Extrovert
19913,Extrovert
19914,Extrovert
19915,Extrovert
19916,Extrovert
19917,Extrovert
19918,Extrovert
19919,Extrovert
19920,Extrovert
19921,Extrovert
19922,Extrovert
19923,Extrovert
19924,Extrovert
19925,Extrovert
19926,Extrovert
19927,Extrovert
19928,Extrovert
19929,Extrovert
19930,Extrovert
19931,Extrovert
19932,Extrovert
19933,Extrovert
19934,Extrovert
19935,Extrovert
19936,Extrovert
19937,Extrovert
19938,Extrovert
19939,Extrovert
19940,Extrovert
19941,Extrovert
19942,Extrovert
19943,Extrovert
19944,Extrovert
19945,Extrovert
19946,Extrovert
19947,Extrovert
19948,Extrovert
19949,Extrovert
19950,Extrovert
19951,Extrovert
19952,Extrovert
19953,Extrovert
19954,Extrovert
19955,Extrovert
19956,Extrovert
19957,Extrovert
19958,Extrovert
19959,Extrovert
19960,Extrovert
19961,Extrovert
19962,Extrovert
19963,Extrovert
19964,Extrovert
19965,Extrovert
19966,Extrovert
19967,Extrovert
19968,Extrovert
19969,Extrovert
19970,Extrovert
19971,Extrovert
19972,Extrovert
19973,Extrovert
19974,Extrovert
19975,Extrovert
19976,Extrovert
19977,Extrovert
19978,Extrovert
19979,Extrovert
19980,Extrovert
19981,Extrovert
19982,Extrovert
19983,Extrovert
19984,Extrovert
19985,Extrovert
19986,Extrovert
19987,Extrovert
19988,Extrovert
19989,Extrovert
19990,Extrovert
19991,Extrovert
19992,Extrovert
19993,Extrovert
19994,Extrovert
19995,Extrovert
19996,Extrovert
19997,Extrovert
19998,Extrovert
19999,Extrovert
20000,Extrovert
20001,Extrovert
20002,Extrovert
20003,Extrovert
20004,Extrovert
20005,Extrovert
20006,Extrovert
20007,Extrovert
20008,Extrovert
20009,Extrovert
20010,Extrovert
20011,Extrovert
20012,Extrovert
20013,Extrovert
20014,Extrovert
20015,Extrovert
20016,Extrovert
20017,Extrovert
20018,Extrovert
20019,Extrovert
20020,Extrovert
20021,Extrovert
20022,Extrovert
20023,Extrovert
20024,Extrovert
20025,Extrovert
20026,Extrovert
20027,Extrovert
20028,Extrovert
20029,Extrovert
20030,Extrovert
20031,Extrovert
20032,Extrovert
20033,Extrovert
20034,Extrovert
20035,Extrovert
20036,Extrovert
20037,Extrovert
20038,Extrovert
20039,Extrovert
20040,Extrovert
20041,Extrovert
20042,Extrovert
20043,Extrovert
20044,Extrovert
20045,Extrovert
20046,Extrovert
20047,Extrovert
20048,Extrovert
20049,Extrovert
20050,Extrovert
20051,Extrovert
20052,Extrovert
20053,Extrovert
20054,Extrovert
20055,Extrovert
20056,Extrovert
20057,Extrovert
20058,Extrovert
20059,Extrovert
20060,Extrovert
20061,Extrovert
20062,Extrovert
20063,Extrovert
20064,Extrovert
20065,Extrovert
20066,Extrovert
20067,Extrovert
20068,Extrovert
20069,Extrovert
20070,Extrovert
20071,Extrovert
20072,Extrovert
20073,Extrovert
20074,Extrovert
20075,Extrovert
20076,Extrovert
20077,Extrovert
20078,Extrovert
20079,Extrovert
20080,Extrovert
20081,Extrovert
20082,Extrovert
20083,Extrovert
20084,Extrovert
20085,Extrovert
20086,Extrovert
20087,Extrovert
20088,Extrovert
20089,Extrovert
20090,Extrovert
20091,Extrovert
20092,Extrovert
20093,Extrovert
20094,Extrovert
20095,Extrovert
20096,Extrovert
20097,Extrovert
20098,Extrovert
20099,Extrovert
20100,Extrovert
20101,Extrovert
20102,Extrovert
20103,Extrovert
20104,Extrovert
20105,Extrovert
20106,Extrovert
20107,Extrovert
20108,Extrovert
20109,Extrovert
20110,Extrovert
20111,Extrovert
20112,Extrovert
20113,Extrovert
20114,Extrovert
20115,Extrovert
20116,Extrovert
20117,Extrovert
20118,Extrovert
20119,Extrovert
20120,Extrovert
20121,Extrovert
20122,Extrovert
20123,Extrovert
20124,Extrovert
20125,Extrovert
20126,Extrovert
20127,Extrovert
20128,Extrovert
20129,Extrovert
20130,Extrovert
20131,Extrovert
20132,Extrovert
20133,Extrovert
20134,Extrovert
20135,Extrovert
20136,Extrovert
20137,Extrovert
20138,Extrovert
20139,Extrovert
20140,Extrovert
20141,Extrovert
20142,Extrovert
20143,Extrovert
20144,Extrovert
20145,Extrovert
20146,Extrovert
20147,Extrovert
20148,Extrovert
20149,Extrovert
20150,Extrovert
20151,Extrovert
20152,Extrovert
20153,Extrovert
20154,Extrovert
20155,Extrovert
20156,Extrovert
20157,Extrovert
20158,Extrovert
20159,Extrovert
20160,Extrovert
20161,Extrovert
20162,Extrovert
20163,Extrovert
20164,Extrovert
20165,Extrovert
20166,Extrovert
20167,Extrovert
20168,Extrovert
20169,Extrovert
20170,Extrovert
20171,Extrovert
20172,Extrovert
20173,Extrovert
20174,Extrovert
20175,Extrovert
20176,Extrovert
20177,Extrovert
20178,Extrovert
20179,Extrovert
20180,Extrovert
20181,Extrovert
20182,Extrovert
20183,Extrovert
20184,Extrovert
20185,Extrovert
20186,Extrovert
20187,Extrovert
20188,Extrovert
20189,Extrovert
20190,Extrovert
20191,Extrovert
20192,Extrovert
20193,Extrovert
20194,Extrovert
20195,Extrovert
20196,Extrovert
20197,Extrovert
20198,Extrovert
20199,Extrovert
20200,Extrovert
20201,Extrovert
20202,Extrovert
20203,Extrovert
20204,Extrovert
20205,Extrovert
20206,Extrovert
20207,Extrovert
20208,Extrovert
20209,Extrovert
20210,Extrovert
20211,Extrovert
20212,Extrovert
20213,Extrovert
20214,Extrovert
20215,Extrovert
20216,Extrovert
20217,Extrovert
20218,Extrovert
20219,Extrovert
20220,Extrovert
20221,Extrovert
20222,Extrovert
20223,Extrovert
20224,Extrovert
20225,Extrovert
20226,Extrovert
20227,Extrovert
20228,Extrovert
20229,Extrovert
20230,Extrovert
20231,Extrovert
20232,Extrovert
20233,Extrovert
20234,Extrovert
20235,Extrovert
20236,Extrovert
20237,Extrovert
20238,Extrovert
20239,Extrovert
20240,Extrovert
20241,Extrovert
20242,Extrovert
20243,Extrovert
20244,Extrovert
20245,Extrovert
20246,Extrovert
20247,Extrovert
20248,Extrovert
20249,Extrovert
20250,Extrovert
20251,Extrovert
20252,Extrovert
20253,Extrovert
20254,Extrovert
20255,Extrovert
20256,Extrovert
20257,Extrovert
20258,Extrovert
20259,Extrovert
20260,Extrovert
20261,Extrovert
20262,Extrovert
20263,Extrovert
20264,Extrovert
20265,Extrovert
20266,Extrovert
20267,Extrovert
20268,Extrovert
20269,Extrovert
20270,Extrovert
20271,Extrovert
20272,Extrovert
20273,Extrovert
20274,Extrovert
20275,Extrovert
20276,Extrovert
20277,Extrovert
20278,Extrovert
20279,Extrovert
20280,Extrovert
20281,Extrovert
20282,Extrovert
20283,Extrovert
20284,Extrovert
20285,Extrovert
20286,Extrovert
20287,Extrovert
20288,Extrovert
20289,Extrovert
20290,Extrovert
20291,Extrovert
20292,Extrovert
20293,Extrovert
20294,Extrovert
20295,Extrovert
20296,Extrovert
20297,Extrovert
20298,Extrovert
20299,Extrovert
20300,Extrovert
20301,Extrovert
20302,Extrovert
20303,Extrovert
20304,Extrovert
20305,Extrovert
20306,Extrovert
20307,Extrovert
20308,Extrovert
20309,Extrovert
20310,Extrovert
20311,Extrovert
20312,Extrovert
20313,Extrovert
20314,Extrovert
20315,Extrovert
20316,Extrovert
20317,Extrovert
20318,Extrovert
20319,Extrovert
20320,Extrovert
20321,Extrovert
20322,Extrovert
20323,Extrovert
20324,Extrovert
20325,Extrovert
20326,Extrovert
20327,Extrovert
20328,Extrovert
20329,Extrovert
20330,Extrovert
20331,Extrovert
20332,Extrovert
20333,Extrovert
20334,Extrovert
20335,Extrovert
20336,Extrovert
20337,Extrovert
20338,Extrovert
20339,Extrovert
20340,Extrovert
20341,Extrovert
20342,Extrovert
20343,Extrovert
20344,Extrovert
20345,Extrovert
20346,Extrovert
20347,Extrovert
20348,Extrovert
20349,Extrovert
20350,Extrovert
20351,Extrovert
20352,Extrovert
20353,Extrovert
20354,Extrovert
20355,Extrovert
20356,Extrovert
20357,Extrovert
20358,Extrovert
20359,Extrovert
20360,Extrovert
20361,Extrovert
20362,Extrovert
20363,Extrovert
20364,Extrovert
20365,Extrovert
20366,Extrovert
20367,Extrovert
20368,Extrovert
20369,Extrovert
20370,Extrovert
20371,Extrovert
20372,Extrovert
20373,Extrovert
20374,Extrovert
20375,Extrovert
20376,Extrovert
20377,Extrovert
20378,Extrovert
20379,Extrovert
20380,Extrovert
20381,Extrovert
20382,Extrovert
20383,Extrovert
20384,Extrovert
20385,Extrovert
20386,Extrovert
20387,Extrovert
20388,Extrovert
20389,Extrovert
20390,Extrovert
20391,Extrovert
20392,Extrovert
20393,Extrovert
20394,Extrovert
20395,Extrovert
20396,Extrovert
20397,Extrovert
20398,Extrovert
20399,Extrovert
20400,Extrovert
20401,Extrovert
20402,Extrovert
20403,Extrovert
20404,Extrovert
20405,Extrovert
20406,Extrovert
20407,Extrovert
20408,Extrovert
20409,Extrovert
20410,Extrovert
20411,Extrovert
20412,Extrovert
20413,Extrovert
20414,Extrovert
20415,Extrovert
20416,Extrovert
20417,Extrovert
20418,Extrovert
20419,Extrovert
20420,Extrovert
20421,Extrovert
20422,Extrovert
20423,Extrovert
20424,Extrovert
20425,Extrovert
20426,Extrovert
20427,Extrovert
20428,Extrovert
20429,Extrovert
20430,Extrovert
20431,Extrovert
20432,Extrovert
20433,Extrovert
20434,Extrovert
20435,Extrovert
20436,Extrovert
20437,Extrovert
20438,Extrovert
20439,Extrovert
20440,Extrovert
20441,Extrovert
20442,Extrovert
20443,Extrovert
20444,Extrovert
20445,Extrovert
20446,Extrovert
20447,Extrovert
20448,Extrovert
20449,Extrovert
20450,Extrovert
20451,Extrovert
20452,Extrovert
20453,Extrovert
20454,Extrovert
20455,Extrovert
20456,Extrovert
20457,Extrovert
20458,Extrovert
20459,Extrovert
20460,Extrovert
20461,Extrovert
20462,Extrovert
20463,Extrovert
20464,Extrovert
20465,Extrovert
20466,Extrovert
20467,Extrovert
20468,Extrovert
20469,Extrovert
20470,Extrovert
20471,Extrovert
20472,Extrovert
20473,Extrovert
20474,Extrovert
20475,Extrovert
20476,Extrovert
20477,Extrovert
20478,Extrovert
20479,Extrovert
20480,Extrovert
20481,Extrovert
20482,Extrovert
20483,Extrovert
20484,Extrovert
20485,Extrovert
20486,Extrovert
20487,Extrovert
20488,Extrovert
20489,Extrovert
20490,Extrovert
20491,Extrovert
20492,Extrovert
20493,Extrovert
20494,Extrovert
20495,Extrovert
20496,Extrovert
20497,Extrovert
20498,Extrovert
20499,Extrovert
20500,Extrovert
20501,Extrovert
20502,Extrovert
20503,Extrovert
20504,Extrovert
20505,Extrovert
20506,Extrovert
20507,Extrovert
20508,Extrovert
20509,Extrovert
20510,Extrovert
20511,Extrovert
20512,Extrovert
20513,Extrovert
20514,Extrovert
20515,Extrovert
20516,Extrovert
20517,Extrovert
20518,Extrovert
20519,Extrovert
20520,Extrovert
20521,Extrovert
20522,Extrovert
20523,Extrovert
20524,Extrovert
20525,Extrovert
20526,Extrovert
20527,Extrovert
20528,Extrovert
20529,Extrovert
20530,Extrovert
20531,Extrovert
20532,Extrovert
20533,Extrovert
20534,Extrovert
20535,Extrovert
20536,Extrovert
20537,Extrovert
20538,Extrovert
20539,Extrovert
20540,Extrovert
20541,Extrovert
20542,Extrovert
20543,Extrovert
20544,Extrovert
20545,Extrovert
20546,Extrovert
20547,Extrovert
20548,Extrovert
20549,Extrovert
20550,Extrovert
20551,Extrovert
20552,Extrovert
20553,Extrovert
20554,Extrovert
20555,Extrovert
20556,Extrovert
20557,Extrovert
20558,Extrovert
20559,Extrovert
20560,Extrovert
20561,Extrovert
20562,Extrovert
20563,Extrovert
20564,Extrovert
20565,Extrovert
20566,Extrovert
20567,Extrovert
20568,Extrovert
20569,Extrovert
20570,Extrovert
20571,Extrovert
20572,Extrovert
20573,Extrovert
20574,Extrovert
20575,Extrovert
20576,Extrovert
20577,Extrovert
20578,Extrovert
20579,Extrovert
20580,Extrovert
20581,Extrovert
20582,Extrovert
20583,Extrovert
20584,Extrovert
20585,Extrovert
20586,Extrovert
20587,Extrovert
20588,Extrovert
20589,Extrovert
20590,Extrovert
20591,Extrovert
20592,Extrovert
20593,Extrovert
20594,Extrovert
20595,Extrovert
20596,Extrovert
20597,Extrovert
20598,Extrovert
20599,Extrovert
20600,Extrovert
20601,Extrovert
20602,Extrovert
20603,Extrovert
20604,Extrovert
20605,Extrovert
20606,Extrovert
20607,Extrovert
20608,Extrovert
20609,Extrovert
20610,Extrovert
20611,Extrovert
20612,Extrovert
20613,Extrovert
20614,Extrovert
20615,Extrovert
20616,Extrovert
20617,Extrovert
20618,Extrovert
20619,Extrovert
20620,Extrovert
20621,Extrovert
20622,Extrovert
20623,Extrovert
20624,Extrovert
20625,Extrovert
20626,Extrovert
20627,Extrovert
20628,Extrovert
20629,Extrovert
20630,Extrovert
20631,Extrovert
20632,Extrovert
20633,Extrovert
20634,Extrovert
20635,Extrovert
20636,Extrovert
20637,Extrovert
20638,Extrovert
20639,Extrovert
20640,Extrovert
20641,Extrovert
20642,Extrovert
20643,Extrovert
20644,Extrovert
20645,Extrovert
20646,Extrovert
20647,Extrovert
20648,Extrovert
20649,Extrovert
20650,Extrovert
20651,Extrovert
20652,Extrovert
20653,Extrovert
20654,Extrovert
20655,Extrovert
20656,Extrovert
20657,Extrovert
20658,Extrovert
20659,Extrovert
20660,Extrovert
20661,Extrovert
20662,Extrovert
20663,Extrovert
20664,Extrovert
20665,Extrovert
20666,Extrovert
20667,Extrovert
20668,Extrovert
20669,Extrovert
20670,Extrovert
20671,Extrovert
20672,Extrovert
20673,Extrovert
20674,Extrovert
20675,Extrovert
20676,Extrovert
20677,Extrovert
20678,Extrovert
20679,Extrovert
20680,Extrovert
20681,Extrovert
20682,Extrovert
20683,Extrovert
20684,Extrovert
20685,Extrovert
20686,Extrovert
20687,Extrovert
20688,Extrovert
20689,Extrovert
20690,Extrovert
20691,Extrovert
20692,Extrovert
20693,Extrovert
20694,Extrovert
20695,Extrovert
20696,Extrovert
20697,Extrovert
20698,Extrovert
20699,Extrovert
20700,Extrovert
20701,Extrovert
20702,Extrovert
20703,Extrovert
20704,Extrovert
20705,Extrovert
20706,Extrovert
20707,Extrovert
20708,Extrovert
20709,Extrovert
20710,Extrovert
20711,Extrovert
20712,Extrovert
20713,Extrovert
20714,Extrovert
20715,Extrovert
20716,Extrovert
20717,Extrovert
20718,Extrovert
20719,Extrovert
20720,Extrovert
20721,Extrovert
20722,Extrovert
20723,Extrovert
20724,Extrovert
20725,Extrovert
20726,Extrovert
20727,Extrovert
20728,Extrovert
20729,Extrovert
20730,Extrovert
20731,Extrovert
20732,Extrovert
20733,Extrovert
20734,Extrovert
20735,Extrovert
20736,Extrovert
20737,Extrovert
20738,Extrovert
20739,Extrovert
20740,Extrovert
20741,Extrovert
20742,Extrovert
20743,Extrovert
20744,Extrovert
20745,Extrovert
20746,Extrovert
20747,Extrovert
20748,Extrovert
20749,Extrovert
20750,Extrovert
20751,Extrovert
20752,Extrovert
20753,Extrovert
20754,Extrovert
20755,Extrovert
20756,Extrovert
20757,Extrovert
20758,Extrovert
20759,Extrovert
20760,Extrovert
20761,Extrovert
20762,Extrovert
20763,Extrovert
20764,Extrovert
20765,Extrovert
20766,Extrovert
20767,Extrovert
20768,Extrovert
20769,Extrovert
20770,Extrovert
20771,Extrovert
20772,Extrovert
20773,Extrovert
20774,Extrovert
20775,Extrovert
20776,Extrovert
20777,Extrovert
20778,Extrovert
20779,Extrovert
20780,Extrovert
20781,Extrovert
20782,Extrovert
20783,Extrovert
20784,Extrovert
20785,Extrovert
20786,Extrovert
20787,Extrovert
20788,Extrovert
20789,Extrovert
20790,Extrovert
20791,Extrovert
20792,Extrovert
20793,Extrovert
20794,Extrovert
20795,Extrovert
20796,Extrovert
20797,Extrovert
20798,Extrovert
20799,Extrovert
20800,Extrovert
20801,Extrovert
20802,Extrovert
20803,Extrovert
20804,Extrovert
20805,Extrovert
20806,Extrovert
20807,Extrovert
20808,Extrovert
20809,Extrovert
20810,Extrovert
20811,Extrovert
20812,Extrovert
20813,Extrovert
20814,Extrovert
20815,Extrovert
20816,Extrovert
20817,Extrovert
20818,Extrovert
20819,Extrovert
20820,Extrovert
20821,Extrovert
20822,Extrovert
20823,Extrovert
20824,Extrovert
20825,Extrovert
20826,Extrovert
20827,Extrovert
20828,Extrovert
20829,Extrovert
20830,Extrovert
20831,Extrovert
20832,Extrovert
20833,Extrovert
20834,Extrovert
20835,Extrovert
20836,Extrovert
20837,Extrovert
20838,Extrovert
20839,Extrovert
20840,Extrovert
20841,Extrovert
20842,Extrovert
20843,Extrovert
20844,Extrovert
20845,Extrovert
20846,Extrovert
20847,Extrovert
20848,Extrovert
20849,Extrovert
20850,Extrovert
20851,Extrovert
20852,Extrovert
20853,Extrovert
20854,Extrovert
20855,Extrovert
20856,Extrovert
20857,Extrovert
20858,Extrovert
20859,Extrovert
20860,Extrovert
20861,Extrovert
20862,Extrovert
20863,Extrovert
20864,Extrovert
20865,Extrovert
20866,Extrovert
20867,Extrovert
20868,Extrovert
20869,Extrovert
20870,Extrovert
20871,Extrovert
20872,Extrovert
20873,Extrovert
20874,Extrovert
20875,Extrovert
20876,Extrovert
20877,Extrovert
20878,Extrovert
20879,Extrovert
20880,Extrovert
20881,Extrovert
20882,Extrovert
20883,Extrovert
20884,Extrovert
20885,Extrovert
20886,Extrovert
20887,Extrovert
20888,Extrovert
20889,Extrovert
20890,Extrovert
20891,Extrovert
20892,Extrovert
20893,Extrovert
20894,Extrovert
20895,Extrovert
20896,Extrovert
20897,Extrovert
20898,Extrovert
20899,Extrovert
20900,Extrovert
20901,Extrovert
20902,Extrovert
20903,Extrovert
20904,Extrovert
20905,Extrovert
20906,Extrovert
20907,Extrovert
20908,Extrovert
20909,Extrovert
20910,Extrovert
20911,Extrovert
20912,Extrovert
20913,Extrovert
20914,Extrovert
20915,Extrovert
20916,Extrovert
20917,Extrovert
20918,Extrovert
20919,Extrovert
20920,Extrovert
20921,Extrovert
20922,Extrovert
20923,Extrovert
20924,Extrovert
20925,Extrovert
20926,Extrovert
20927,Extrovert
20928,Extrovert
20929,Extrovert
20930,Extrovert
20931,Extrovert
20932,Extrovert
20933,Extrovert
20934,Extrovert
20935,Extrovert
20936,Extrovert
20937,Extrovert
20938,Extrovert
20939,Extrovert
20940,Extrovert
20941,Extrovert
20942,Extrovert
20943,Extrovert
20944,Extrovert
20945,Extrovert
20946,Extrovert
20947,Extrovert
20948,Extrovert
20949,Extrovert
20950,Extrovert
20951,Extrovert
20952,Extrovert
20953,Extrovert
20954,Extrovert
20955,Extrovert
20956,Extrovert
20957,Extrovert
20958,Extrovert
20959,Extrovert
20960,Extrovert
20961,Extrovert
20962,Extrovert
20963,Extrovert
20964,Extrovert
20965,Extrovert
20966,Extrovert
20967,Extrovert
20968,Extrovert
20969,Extrovert
20970,Extrovert
20971,Extrovert
20972,Extrovert
20973,Extrovert
20974,Extrovert
20975,Extrovert
20976,Extrovert
20977,Extrovert
20978,Extrovert
20979,Extrovert
20980,Extrovert
20981,Extrovert
20982,Extrovert
20983,Extrovert
20984,Extrovert
20985,Extrovert
20986,Extrovert
20987,Extrovert
20988,Extrovert
20989,Extrovert
20990,Extrovert
20991,Extrovert
20992,Extrovert
20993,Extrovert
20994,Extrovert
20995,Extrovert
20996,Extrovert
20997,Extrovert
20998,Extrovert
20999,Extrovert
21000,Extrovert
21001,Extrovert
21002,Extrovert
21003,Extrovert
21004,Extrovert
21005,Extrovert
21006,Extrovert
21007,Extrovert
21008,Extrovert
21009,Extrovert
21010,Extrovert
21011,Extrovert
21012,Extrovert
21013,Extrovert
21014,Extrovert
21015,Extrovert
21016,Extrovert
21017,Extrovert
21018,Extrovert
21019,Extrovert
21020,Extrovert
21021,Extrovert
21022,Extrovert
21023,Extrovert
21024,Extrovert
21025,Extrovert
21026,Extrovert
21027,Extrovert
21028,Extrovert
21029,Extrovert
21030,Extrovert
21031,Extrovert
21032,Extrovert
21033,Extrovert
21034,Extrovert
21035,Extrovert
21036,Extrovert
21037,Extrovert
21038,Extrovert
21039,Extrovert
21040,Extrovert
21041,Extrovert
21042,Extrovert
21043,Extrovert
21044,Extrovert
21045,Extrovert
21046,Extrovert
21047,Extrovert
21048,Extrovert
21049,Extrovert
21050,Extrovert
21051,Extrovert
21052,Extrovert
21053,Extrovert
21054,Extrovert
21055,Extrovert
21056,Extrovert
21057,Extrovert
21058,Extrovert
21059,Extrovert
21060,Extrovert
21061,Extrovert
21062,Extrovert
21063,Extrovert
21064,Extrovert
21065,Extrovert
21066,Extrovert
21067,Extrovert
21068,Extrovert
21069,Extrovert
21070,Extrovert
21071,Extrovert
21072,Extrovert
21073,Extrovert
21074,Extrovert
21075,Extrovert
21076,Extrovert
21077,Extrovert
21078,Extrovert
21079,Extrovert
21080,Extrovert
21081,Extrovert
21082,Extrovert
21083,Extrovert
21084,Extrovert
21085,Extrovert
21086,Extrovert
21087,Extrovert
21088,Extrovert
21089,Extrovert
21090,Extrovert
21091,Extrovert
21092,Extrovert
21093,Extrovert
21094,Extrovert
21095,Extrovert
21096,Extrovert
21097,Extrovert
21098,Extrovert
21099,Extrovert
21100,Extrovert
21101,Extrovert
21102,Extrovert
21103,Extrovert
21104,Extrovert
21105,Extrovert
21106,Extrovert
21107,Extrovert
21108,Extrovert
21109,Extrovert
21110,Extrovert
21111,Extrovert
21112,Extrovert
21113,Extrovert
21114,Extrovert
21115,Extrovert
21116,Extrovert
21117,Extrovert
21118,Extrovert
21119,Extrovert
21120,Extrovert
21121,Extrovert
21122,Extrovert
21123,Extrovert
21124,Extrovert
21125,Extrovert
21126,Extrovert
21127,Extrovert
21128,Extrovert
21129,Extrovert
21130,Extrovert
21131,Extrovert
21132,Extrovert
21133,Extrovert
21134,Extrovert
21135,Extrovert
21136,Extrovert
21137,Extrovert
21138,Extrovert
21139,Extrovert
21140,Extrovert
21141,Extrovert
21142,Extrovert
21143,Extrovert
21144,Extrovert
21145,Extrovert
21146,Extrovert
21147,Extrovert
21148,Extrovert
21149,Extrovert
21150,Extrovert
21151,Extrovert
21152,Extrovert
21153,Extrovert
21154,Extrovert
21155,Extrovert
21156,Extrovert
21157,Extrovert
21158,Extrovert
21159,Extrovert
21160,Extrovert
21161,Extrovert
21162,Extrovert
21163,Extrovert
21164,Extrovert
21165,Extrovert
21166,Extrovert
21167,Extrovert
21168,Extrovert
21169,Extrovert
21170,Extrovert
21171,Extrovert
21172,Extrovert
21173,Extrovert
21174,Extrovert
21175,Extrovert
21176,Extrovert
21177,Extrovert
21178,Extrovert
21179,Extrovert
21180,Extrovert
21181,Extrovert
21182,Extrovert
21183,Extrovert
21184,Extrovert
21185,Extrovert
21186,Extrovert
21187,Extrovert
21188,Extrovert
21189,Extrovert
21190,Extrovert
21191,Extrovert
21192,Extrovert
21193,Extrovert
21194,Extrovert
21195,Extrovert
21196,Extrovert
21197,Extrovert
21198,Extrovert
21199,Extrovert
21200,Extrovert
21201,Extrovert
21202,Extrovert
21203,Extrovert
21204,Extrovert
21205,Extrovert
21206,Extrovert
21207,Extrovert
21208,Extrovert
21209,Extrovert
21210,Extrovert
21211,Extrovert
21212,Extrovert
21213,Extrovert
21214,Extrovert
21215,Extrovert
21216,Extrovert
21217,Extrovert
21218,Extrovert
21219,Extrovert
21220,Extrovert
21221,Extrovert
21222,Extrovert
21223,Extrovert
21224,Extrovert
21225,Extrovert
21226,Extrovert
21227,Extrovert
21228,Extrovert
21229,Extrovert
21230,Extrovert
21231,Extrovert
21232,Extrovert
21233,Extrovert
21234,Extrovert
21235,Extrovert
21236,Extrovert
21237,Extrovert
21238,Extrovert
21239,Extrovert
21240,Extrovert
21241,Extrovert
21242,Extrovert
21243,Extrovert
21244,Extrovert
21245,Extrovert
21246,Extrovert
21247,Extrovert
21248,Extrovert
21249,Extrovert
21250,Extrovert
21251,Extrovert
21252,Extrovert
21253,Extrovert
21254,Extrovert
21255,Extrovert
21256,Extrovert
21257,Extrovert
21258,Extrovert
21259,Extrovert
21260,Extrovert
21261,Extrovert
21262,Extrovert
21263,Extrovert
21264,Extrovert
21265,Extrovert
21266,Extrovert
21267,Extrovert
21268,Extrovert
21269,Extrovert
21270,Extrovert
21271,Extrovert
21272,Extrovert
21273,Extrovert
21274,Extrovert
21275,Extrovert
21276,Extrovert
21277,Extrovert
21278,Extrovert
21279,Extrovert
21280,Extrovert
21281,Extrovert
21282,Extrovert
21283,Extrovert
21284,Extrovert
21285,Extrovert
21286,Extrovert
21287,Extrovert
21288,Extrovert
21289,Extrovert
21290,Extrovert
21291,Extrovert
21292,Extrovert
21293,Extrovert
21294,Extrovert
21295,Extrovert
21296,Extrovert
21297,Extrovert
21298,Extrovert
21299,Extrovert
21300,Extrovert
21301,Extrovert
21302,Extrovert
21303,Extrovert
21304,Extrovert
21305,Extrovert
21306,Extrovert
21307,Extrovert
21308,Extrovert
21309,Extrovert
21310,Extrovert
21311,Extrovert
21312,Extrovert
21313,Extrovert
21314,Extrovert
21315,Extrovert
21316,Extrovert
21317,Extrovert
21318,Extrovert
21319,Extrovert
21320,Extrovert
21321,Extrovert
21322,Extrovert
21323,Extrovert
21324,Extrovert
21325,Extrovert
21326,Extrovert
21327,Extrovert
21328,Extrovert
21329,Extrovert
21330,Extrovert
21331,Extrovert
21332,Extrovert
21333,Extrovert
21334,Extrovert
21335,Extrovert
21336,Extrovert
21337,Extrovert
21338,Extrovert
21339,Extrovert
21340,Extrovert
21341,Extrovert
21342,Extrovert
21343,Extrovert
21344,Extrovert
21345,Extrovert
21346,Extrovert
21347,Extrovert
21348,Extrovert
21349,Extrovert
21350,Extrovert
21351,Extrovert
21352,Extrovert
21353,Extrovert
21354,Extrovert
21355,Extrovert
21356,Extrovert
21357,Extrovert
21358,Extrovert
21359,Extrovert
21360,Extrovert
21361,Extrovert
21362,Extrovert
21363,Extrovert
21364,Extrovert
21365,Extrovert
21366,Extrovert
21367,Extrovert
21368,Extrovert
21369,Extrovert
21370,Extrovert
21371,Extrovert
21372,Extrovert
21373,Extrovert
21374,Extrovert
21375,Extrovert
21376,Extrovert
21377,Extrovert
21378,Extrovert
21379,Extrovert
21380,Extrovert
21381,Extrovert
21382,Extrovert
21383,Extrovert
21384,Extrovert
21385,Extrovert
21386,Extrovert
21387,Extrovert
21388,Extrovert
21389,Extrovert
21390,Extrovert
21391,Extrovert
21392,Extrovert
21393,Extrovert
21394,Extrovert
21395,Extrovert
21396,Extrovert
21397,Extrovert
21398,Extrovert
21399,Extrovert
21400,Extrovert
21401,Extrovert
21402,Extrovert
21403,Extrovert
21404,Extrovert
21405,Extrovert
21406,Extrovert
21407,Extrovert
21408,Extrovert
21409,Extrovert
21410,Extrovert
21411,Extrovert
21412,Extrovert
21413,Extrovert
21414,Extrovert
21415,Extrovert
21416,Extrovert
21417,Extrovert
21418,Extrovert
21419,Extrovert
21420,Extrovert
21421,Extrovert
21422,Extrovert
21423,Extrovert
21424,Extrovert
21425,Extrovert
21426,Extrovert
21427,Extrovert
21428,Extrovert
21429,Extrovert
21430,Extrovert
21431,Extrovert
21432,Extrovert
21433,Extrovert
21434,Extrovert
21435,Extrovert
21436,Extrovert
21437,Extrovert
21438,Extrovert
21439,Extrovert
21440,Extrovert
21441,Extrovert
21442,Extrovert
21443,Extrovert
21444,Extrovert
21445,Extrovert
21446,Extrovert
21447,Extrovert
21448,Extrovert
21449,Extrovert
21450,Extrovert
21451,Extrovert
21452,Extrovert
21453,Extrovert
21454,Extrovert
21455,Extrovert
21456,Extrovert
21457,Extrovert
21458,Extrovert
21459,Extrovert
21460,Extrovert
21461,Extrovert
21462,Extrovert
21463,Extrovert
21464,Extrovert
21465,Extrovert
21466,Extrovert
21467,Extrovert
21468,Extrovert
21469,Extrovert
21470,Extrovert
21471,Extrovert
21472,Extrovert
21473,Extrovert
21474,Extrovert
21475,Extrovert
21476,Extrovert
21477,Extrovert
21478,Extrovert
21479,Extrovert
21480,Extrovert
21481,Extrovert
21482,Extrovert
21483,Extrovert
21484,Extrovert
21485,Extrovert
21486,Extrovert
21487,Extrovert
21488,Extrovert
21489,Extrovert
21490,Extrovert
21491,Extrovert
21492,Extrovert
21493,Extrovert
21494,Extrovert
21495,Extrovert
21496,Extrovert
21497,Extrovert
21498,Extrovert
21499,Extrovert
21500,Extrovert
21501,Extrovert
21502,Extrovert
21503,Extrovert
21504,Extrovert
21505,Extrovert
21506,Extrovert
21507,Extrovert
21508,Extrovert
21509,Extrovert
21510,Extrovert
21511,Extrovert
21512,Extrovert
21513,Extrovert
21514,Extrovert
21515,Extrovert
21516,Extrovert
21517,Extrovert
21518,Extrovert
21519,Extrovert
21520,Extrovert
21521,Extrovert
21522,Extrovert
21523,Extrovert
21524,Extrovert
21525,Extrovert
21526,Extrovert
21527,Extrovert
21528,Extrovert
21529,Extrovert
21530,Extrovert
21531,Extrovert
21532,Extrovert
21533,Extrovert
21534,Extrovert
21535,Extrovert
21536,Extrovert
21537,Extrovert
21538,Extrovert
21539,Extrovert
21540,Extrovert
21541,Extrovert
21542,Extrovert
21543,Extrovert
21544,Extrovert
21545,Extrovert
21546,Extrovert
21547,Extrovert
21548,Extrovert
21549,Extrovert
21550,Extrovert
21551,Extrovert
21552,Extrovert
21553,Extrovert
21554,Extrovert
21555,Extrovert
21556,Extrovert
21557,Extrovert
21558,Extrovert
21559,Extrovert
21560,Extrovert
21561,Extrovert
21562,Extrovert
21563,Extrovert
21564,Extrovert
21565,Extrovert
21566,Extrovert
21567,Extrovert
21568,Extrovert
21569,Extrovert
21570,Extrovert
21571,Extrovert
21572,Extrovert
21573,Extrovert
21574,Extrovert
21575,Extrovert
21576,Extrovert
21577,Extrovert
21578,Extrovert
21579,Extrovert
21580,Extrovert
21581,Extrovert
21582,Extrovert
21583,Extrovert
21584,Extrovert
21585,Extrovert
21586,Extrovert
21587,Extrovert
21588,Extrovert
21589,Extrovert
21590,Extrovert
21591,Extrovert
21592,Extrovert
21593,Extrovert
21594,Extrovert
21595,Extrovert
21596,Extrovert
21597,Extrovert
21598,Extrovert
21599,Extrovert
21600,Extrovert
21601,Extrovert
21602,Extrovert
21603,Extrovert
21604,Extrovert
21605,Extrovert
21606,Extrovert
21607,Extrovert
21608,Extrovert
21609,Extrovert
21610,Extrovert
21611,Extrovert
21612,Extrovert
21613,Extrovert
21614,Extrovert
21615,Extrovert
21616,Extrovert
21617,Extrovert
21618,Extrovert
21619,Extrovert
21620,Extrovert
21621,Extrovert
21622,Extrovert
21623,Extrovert
21624,Extrovert
21625,Extrovert
21626,Extrovert
21627,Extrovert
21628,Extrovert
21629,Extrovert
21630,Extrovert
21631,Extrovert
21632,Extrovert
21633,Extrovert
21634,Extrovert
21635,Extrovert
21636,Extrovert
21637,Extrovert
21638,Extrovert
21639,Extrovert
21640,Extrovert
21641,Extrovert
21642,Extrovert
21643,Extrovert
21644,Extrovert
21645,Extrovert
21646,Extrovert
21647,Extrovert
21648,Extrovert
21649,Extrovert
21650,Extrovert
21651,Extrovert
21652,Extrovert
21653,Extrovert
21654,Extrovert
21655,Extrovert
21656,Extrovert
21657,Extrovert
21658,Extrovert
21659,Extrovert
21660,Extrovert
21661,Extrovert
21662,Extrovert
21663,Extrovert
21664,Extrovert
21665,Extrovert
21666,Extrovert
21667,Extrovert
21668,Extrovert
21669,Extrovert
21670,Extrovert
21671,Extrovert
21672,Extrovert
21673,Extrovert
21674,Extrovert
21675,Extrovert
21676,Extrovert
21677,Extrovert
21678,Extrovert
21679,Extrovert
21680,Extrovert
21681,Extrovert
21682,Extrovert
21683,Extrovert
21684,Extrovert
21685,Extrovert
21686,Extrovert
21687,Extrovert
21688,Extrovert
21689,Extrovert
21690,Extrovert
21691,Extrovert
21692,Extrovert
21693,Extrovert
21694,Extrovert
21695,Extrovert
21696,Extrovert
21697,Extrovert
21698,Extrovert
21699,Extrovert
21700,Extrovert
21701,Extrovert
21702,Extrovert
21703,Extrovert
21704,Extrovert
21705,Extrovert
21706,Extrovert
21707,Extrovert
21708,Extrovert
21709,Extrovert
21710,Extrovert
21711,Extrovert
21712,Extrovert
21713,Extrovert
21714,Extrovert
21715,Extrovert
21716,Extrovert
21717,Extrovert
21718,Extrovert
21719,Extrovert
21720,Extrovert
21721,Extrovert
21722,Extrovert
21723,Extrovert
21724,Extrovert
21725,Extrovert
21726,Extrovert
21727,Extrovert
21728,Extrovert
21729,Extrovert
21730,Extrovert
21731,Extrovert
21732,Extrovert
21733,Extrovert
21734,Extrovert
21735,Extrovert
21736,Extrovert
21737,Extrovert
21738,Extrovert
21739,Extrovert
21740,Extrovert
21741,Extrovert
21742,Extrovert
21743,Extrovert
21744,Extrovert
21745,Extrovert
21746,Extrovert
21747,Extrovert
21748,Extrovert
21749,Extrovert
21750,Extrovert
21751,Extrovert
21752,Extrovert
21753,Extrovert
21754,Extrovert
21755,Extrovert
21756,Extrovert
21757,Extrovert
21758,Extrovert
21759,Extrovert
21760,Extrovert
21761,Extrovert
21762,Extrovert
21763,Extrovert
21764,Extrovert
21765,Extrovert
21766,Extrovert
21767,Extrovert
21768,Extrovert
21769,Extrovert
21770,Extrovert
21771,Extrovert
21772,Extrovert
21773,Extrovert
21774,Extrovert
21775,Extrovert
21776,Extrovert
21777,Extrovert
21778,Extrovert
21779,Extrovert
21780,Extrovert
21781,Extrovert
21782,Extrovert
21783,Extrovert
21784,Extrovert
21785,Extrovert
21786,Extrovert
21787,Extrovert
21788,Extrovert
21789,Extrovert
21790,Extrovert
21791,Extrovert
21792,Extrovert
21793,Extrovert
21794,Extrovert
21795,Extrovert
21796,Extrovert
21797,Extrovert
21798,Extrovert
21799,Extrovert
21800,Extrovert
21801,Extrovert
21802,Extrovert
21803,Extrovert
21804,Extrovert
21805,Extrovert
21806,Extrovert
21807,Extrovert
21808,Extrovert
21809,Extrovert
21810,Extrovert
21811,Extrovert
21812,Extrovert
21813,Extrovert
21814,Extrovert
21815,Extrovert
21816,Extrovert
21817,Extrovert
21818,Extrovert
21819,Extrovert
21820,Extrovert
21821,Extrovert
21822,Extrovert
21823,Extrovert
21824,Extrovert
21825,Extrovert
21826,Extrovert
21827,Extrovert
21828,Extrovert
21829,Extrovert
21830,Extrovert
21831,Extrovert
21832,Extrovert
21833,Extrovert
21834,Extrovert
21835,Extrovert
21836,Extrovert
21837,Extrovert
21838,Extrovert
21839,Extrovert
21840,Extrovert
21841,Extrovert
21842,Extrovert
21843,Extrovert
21844,Extrovert
21845,Extrovert
21846,Extrovert
21847,Extrovert
21848,Extrovert
21849,Extrovert
21850,Extrovert
21851,Extrovert
21852,Extrovert
21853,Extrovert
21854,Extrovert
21855,Extrovert
21856,Extrovert
21857,Extrovert
21858,Extrovert
21859,Extrovert
21860,Extrovert
21861,Extrovert
21862,Extrovert
21863,Extrovert
21864,Extrovert
21865,Extrovert
21866,Extrovert
21867,Extrovert
21868,Extrovert
21869,Extrovert
21870,Extrovert
21871,Extrovert
21872,Extrovert
21873,Extrovert
21874,Extrovert
21875,Extrovert
21876,Extrovert
21877,Extrovert
21878,Extrovert
21879,Extrovert
21880,Extrovert
21881,Extrovert
21882,Extrovert
21883,Extrovert
21884,Extrovert
21885,Extrovert
21886,Extrovert
21887,Extrovert
21888,Extrovert
21889,Extrovert
21890,Extrovert
21891,Extrovert
21892,Extrovert
21893,Extrovert
21894,Extrovert
21895,Extrovert
21896,Extrovert
21897,Extrovert
21898,Extrovert
21899,Extrovert
21900,Extrovert
21901,Extrovert
21902,Extrovert
21903,Extrovert
21904,Extrovert
21905,Extrovert
21906,Extrovert
21907,Extrovert
21908,Extrovert
21909,Extrovert
21910,Extrovert
21911,Extrovert
21912,Extrovert
21913,Extrovert
21914,Extrovert
21915,Extrovert
21916,Extrovert
21917,Extrovert
21918,Extrovert
21919,Extrovert
21920,Extrovert
21921,Extrovert
21922,Extrovert
21923,Extrovert
21924,Extrovert
21925,Extrovert
21926,Extrovert
21927,Extrovert
21928,Extrovert
21929,Extrovert
21930,Extrovert
21931,Extrovert
21932,Extrovert
21933,Extrovert
21934,Extrovert
21935,Extrovert
21936,Extrovert
21937,Extrovert
21938,Extrovert
21939,Extrovert
21940,Extrovert
21941,Extrovert
21942,Extrovert
21943,Extrovert
21944,Extrovert
21945,Extrovert
21946,Extrovert
21947,Extrovert
21948,Extrovert
21949,Extrovert
21950,Extrovert
21951,Extrovert
21952,Extrovert
21953,Extrovert
21954,Extrovert
21955,Extrovert
21956,Extrovert
21957,Extrovert
21958,Extrovert
21959,Extrovert
21960,Extrovert
21961,Extrovert
21962,Extrovert
21963,Extrovert
21964,Extrovert
21965,Extrovert
21966,Extrovert
21967,Extrovert
21968,Extrovert
21969,Extrovert
21970,Extrovert
21971,Extrovert
21972,Extrovert
21973,Extrovert
21974,Extrovert
21975,Extrovert
21976,Extrovert
21977,Extrovert
21978,Extrovert
21979,Extrovert
21980,Extrovert
21981,Extrovert
21982,Extrovert
21983,Extrovert
21984,Extrovert
21985,Extrovert
21986,Extrovert
21987,Extrovert
21988,Extrovert
21989,Extrovert
21990,Extrovert
21991,Extrovert
21992,Extrovert
21993,Extrovert
21994,Extrovert
21995,Extrovert
21996,Extrovert
21997,Extrovert
21998,Extrovert
21999,Extrovert
22000,Extrovert
22001,Extrovert
22002,Extrovert
22003,Extrovert
22004,Extrovert
22005,Extrovert
22006,Extrovert
22007,Extrovert
22008,Extrovert
22009,Extrovert
22010,Extrovert
22011,Extrovert
22012,Extrovert
22013,Extrovert
22014,Extrovert
22015,Extrovert
22016,Extrovert
22017,Extrovert
22018,Extrovert
22019,Extrovert
22020,Extrovert
22021,Extrovert
22022,Extrovert
22023,Extrovert
22024,Extrovert
22025,Extrovert
22026,Extrovert
22027,Extrovert
22028,Extrovert
22029,Extrovert
22030,Extrovert
22031,Extrovert
22032,Extrovert
22033,Extrovert
22034,Extrovert
22035,Extrovert
22036,Extrovert
22037,Extrovert
22038,Extrovert
22039,Extrovert
22040,Extrovert
22041,Extrovert
22042,Extrovert
22043,Extrovert
22044,Extrovert
22045,Extrovert
22046,Extrovert
22047,Extrovert
22048,Extrovert
22049,Extrovert
22050,Extrovert
22051,Extrovert
22052,Extrovert
22053,Extrovert
22054,Extrovert
22055,Extrovert
22056,Extrovert
22057,Extrovert
22058,Extrovert
22059,Extrovert
22060,Extrovert
22061,Extrovert
22062,Extrovert
22063,Extrovert
22064,Extrovert
22065,Extrovert
22066,Extrovert
22067,Extrovert
22068,Extrovert
22069,Extrovert
22070,Extrovert
22071,Extrovert
22072,Extrovert
22073,Extrovert
22074,Extrovert
22075,Extrovert
22076,Extrovert
22077,Extrovert
22078,Extrovert
22079,Extrovert
22080,Extrovert
22081,Extrovert
22082,Extrovert
22083,Extrovert
22084,Extrovert
22085,Extrovert
22086,Extrovert
22087,Extrovert
22088,Extrovert
22089,Extrovert
22090,Extrovert
22091,Extrovert
22092,Extrovert
22093,Extrovert
22094,Extrovert
22095,Extrovert
22096,Extrovert
22097,Extrovert
22098,Extrovert
22099,Extrovert
22100,Extrovert
22101,Extrovert
22102,Extrovert
22103,Extrovert
22104,Extrovert
22105,Extrovert
22106,Extrovert
22107,Extrovert
22108,Extrovert
22109,Extrovert
22110,Extrovert
22111,Extrovert
22112,Extrovert
22113,Extrovert
22114,Extrovert
22115,Extrovert
22116,Extrovert
22117,Extrovert
22118,Extrovert
22119,Extrovert
22120,Extrovert
22121,Extrovert
22122,Extrovert
22123,Extrovert
22124,Extrovert
22125,Extrovert
22126,Extrovert
22127,Extrovert
22128,Extrovert
22129,Extrovert
22130,Extrovert
22131,Extrovert
22132,Extrovert
22133,Extrovert
22134,Extrovert
22135,Extrovert
22136,Extrovert
22137,Extrovert
22138,Extrovert
22139,Extrovert
22140,Extrovert
22141,Extrovert
22142,Extrovert
22143,Extrovert
22144,Extrovert
22145,Extrovert
22146,Extrovert
22147,Extrovert
22148,Extrovert
22149,Extrovert
22150,Extrovert
22151,Extrovert
22152,Extrovert
22153,Extrovert
22154,Extrovert
22155,Extrovert
22156,Extrovert
22157,Extrovert
22158,Extrovert
22159,Extrovert
22160,Extrovert
22161,Extrovert
22162,Extrovert
22163,Extrovert
22164,Extrovert
22165,Extrovert
22166,Extrovert
22167,Extrovert
22168,Extrovert
22169,Extrovert
22170,Extrovert
22171,Extrovert
22172,Extrovert
22173,Extrovert
22174,Extrovert
22175,Extrovert
22176,Extrovert
22177,Extrovert
22178,Extrovert
22179,Extrovert
22180,Extrovert
22181,Extrovert
22182,Extrovert
22183,Extrovert
22184,Extrovert
22185,Extrovert
22186,Extrovert
22187,Extrovert
22188,Extrovert
22189,Extrovert
22190,Extrovert
22191,Extrovert
22192,Extrovert
22193,Extrovert
22194,Extrovert
22195,Extrovert
22196,Extrovert
22197,Extrovert
22198,Extrovert
22199,Extrovert
22200,Extrovert
22201,Extrovert
22202,Extrovert
22203,Extrovert
22204,Extrovert
22205,Extrovert
22206,Extrovert
22207,Extrovert
22208,Extrovert
22209,Extrovert
22210,Extrovert
22211,Extrovert
22212,Extrovert
22213,Extrovert
22214,Extrovert
22215,Extrovert
22216,Extrovert
22217,Extrovert
22218,Extrovert
22219,Extrovert
22220,Extrovert
22221,Extrovert
22222,Extrovert
22223,Extrovert
22224,Extrovert
22225,Extrovert
22226,Extrovert
22227,Extrovert
22228,Extrovert
22229,Extrovert
22230,Extrovert
22231,Extrovert
22232,Extrovert
22233,Extrovert
22234,Extrovert
22235,Extrovert
22236,Extrovert
22237,Extrovert
22238,Extrovert
22239,Extrovert
22240,Extrovert
22241,Extrovert
22242,Extrovert
22243,Extrovert
22244,Extrovert
22245,Extrovert
22246,Extrovert
22247,Extrovert
22248,Extrovert
22249,Extrovert
22250,Extrovert
22251,Extrovert
22252,Extrovert
22253,Extrovert
22254,Extrovert
22255,Extrovert
22256,Extrovert
22257,Extrovert
22258,Extrovert
22259,Extrovert
22260,Extrovert
22261,Extrovert
22262,Extrovert
22263,Extrovert
22264,Extrovert
22265,Extrovert
22266,Extrovert
22267,Extrovert
22268,Extrovert
22269,Extrovert
22270,Extrovert
22271,Extrovert
22272,Extrovert
22273,Extrovert
22274,Extrovert
22275,Extrovert
22276,Extrovert
22277,Extrovert
22278,Extrovert
22279,Extrovert
22280,Extrovert
22281,Extrovert
22282,Extrovert
22283,Extrovert
22284,Extrovert
22285,Extrovert
22286,Extrovert
22287,Extrovert
22288,Extrovert
22289,Extrovert
22290,Extrovert
22291,Extrovert
22292,Extrovert
22293,Extrovert
22294,Extrovert
22295,Extrovert
22296,Extrovert
22297,Extrovert
22298,Extrovert
22299,Extrovert
22300,Extrovert
22301,Extrovert
22302,Extrovert
22303,Extrovert
22304,Extrovert
22305,Extrovert
22306,Extrovert
22307,Extrovert
22308,Extrovert
22309,Extrovert
22310,Extrovert
22311,Extrovert
22312,Extrovert
22313,Extrovert
22314,Extrovert
22315,Extrovert
22316,Extrovert
22317,Extrovert
22318,Extrovert
22319,Extrovert
22320,Extrovert
22321,Extrovert
22322,Extrovert
22323,Extrovert
22324,Extrovert
22325,Extrovert
22326,Extrovert
22327,Extrovert
22328,Extrovert
22329,Extrovert
22330,Extrovert
22331,Extrovert
22332,Extrovert
22333,Extrovert
22334,Extrovert
22335,Extrovert
22336,Extrovert
22337,Extrovert
22338,Extrovert
22339,Extrovert
22340,Extrovert
22341,Extrovert
22342,Extrovert
22343,Extrovert
22344,Extrovert
22345,Extrovert
22346,Extrovert
22347,Extrovert
22348,Extrovert
22349,Extrovert
22350,Extrovert
22351,Extrovert
22352,Extrovert
22353,Extrovert
22354,Extrovert
22355,Extrovert
22356,Extrovert
22357,Extrovert
22358,Extrovert
22359,Extrovert
22360,Extrovert
22361,Extrovert
22362,Extrovert
22363,Extrovert
22364,Extrovert
22365,Extrovert
22366,Extrovert
22367,Extrovert
22368,Extrovert
22369,Extrovert
22370,Extrovert
22371,Extrovert
22372,Extrovert
22373,Extrovert
22374,Extrovert
22375,Extrovert
22376,Extrovert
22377,Extrovert
22378,Extrovert
22379,Extrovert
22380,Extrovert
22381,Extrovert
22382,Extrovert
22383,Extrovert
22384,Extrovert
22385,Extrovert
22386,Extrovert
22387,Extrovert
22388,Extrovert
22389,Extrovert
22390,Extrovert
22391,Extrovert
22392,Extrovert
22393,Extrovert
22394,Extrovert
22395,Extrovert
22396,Extrovert
22397,Extrovert
22398,Extrovert
22399,Extrovert
22400,Extrovert
22401,Extrovert
22402,Extrovert
22403,Extrovert
22404,Extrovert
22405,Extrovert
22406,Extrovert
22407,Extrovert
22408,Extrovert
22409,Extrovert
22410,Extrovert
22411,Extrovert
22412,Extrovert
22413,Extrovert
22414,Extrovert
22415,Extrovert
22416,Extrovert
22417,Extrovert
22418,Extrovert
22419,Extrovert
22420,Extrovert
22421,Extrovert
22422,Extrovert
22423,Extrovert
22424,Extrovert
22425,Extrovert
22426,Extrovert
22427,Extrovert
22428,Extrovert
22429,Extrovert
22430,Extrovert
22431,Extrovert
22432,Extrovert
22433,Extrovert
22434,Extrovert
22435,Extrovert
22436,Extrovert
22437,Extrovert
22438,Extrovert
22439,Extrovert
22440,Extrovert
22441,Extrovert
22442,Extrovert
22443,Extrovert
22444,Extrovert
22445,Extrovert
22446,Extrovert
22447,Extrovert
22448,Extrovert
22449,Extrovert
22450,Extrovert
22451,Extrovert
22452,Extrovert
22453,Extrovert
22454,Extrovert
22455,Extrovert
22456,Extrovert
22457,Extrovert
22458,Extrovert
22459,Extrovert
22460,Extrovert
22461,Extrovert
22462,Extrovert
22463,Extrovert
22464,Extrovert
22465,Extrovert
22466,Extrovert
22467,Extrovert
22468,Extrovert
22469,Extrovert
22470,Extrovert
22471,Extrovert
22472,Extrovert
22473,Extrovert
22474,Extrovert
22475,Extrovert
22476,Extrovert
22477,Extrovert
22478,Extrovert
22479,Extrovert
22480,Extrovert
22481,Extrovert
22482,Extrovert
22483,Extrovert
22484,Extrovert
22485,Extrovert
22486,Extrovert
22487,Extrovert
22488,Extrovert
22489,Extrovert
22490,Extrovert
22491,Extrovert
22492,Extrovert
22493,Extrovert
22494,Extrovert
22495,Extrovert
22496,Extrovert
22497,Extrovert
22498,Extrovert
22499,Extrovert
22500,Extrovert
22501,Extrovert
22502,Extrovert
22503,Extrovert
22504,Extrovert
22505,Extrovert
22506,Extrovert
22507,Extrovert
22508,Extrovert
22509,Extrovert
22510,Extrovert
22511,Extrovert
22512,Extrovert
22513,Extrovert
22514,Extrovert
22515,Extrovert
22516,Extrovert
22517,Extrovert
22518,Extrovert
22519,Extrovert
22520,Extrovert
22521,Extrovert
22522,Extrovert
22523,Extrovert
22524,Extrovert
22525,Extrovert
22526,Extrovert
22527,Extrovert
22528,Extrovert
22529,Extrovert
22530,Extrovert
22531,Extrovert
22532,Extrovert
22533,Extrovert
22534,Extrovert
22535,Extrovert
22536,Extrovert
22537,Extrovert
22538,Extrovert
22539,Extrovert
22540,Extrovert
22541,Extrovert
22542,Extrovert
22543,Extrovert
22544,Extrovert
22545,Extrovert
22546,Extrovert
22547,Extrovert
22548,Extrovert
22549,Extrovert
22550,Extrovert
22551,Extrovert
22552,Extrovert
22553,Extrovert
22554,Extrovert
22555,Extrovert
22556,Extrovert
22557,Extrovert
22558,Extrovert
22559,Extrovert
22560,Extrovert
22561,Extrovert
22562,Extrovert
22563,Extrovert
22564,Extrovert
22565,Extrovert
22566,Extrovert
22567,Extrovert
22568,Extrovert
22569,Extrovert
22570,Extrovert
22571,Extrovert
22572,Extrovert
22573,Extrovert
22574,Extrovert
22575,Extrovert
22576,Extrovert
22577,Extrovert
22578,Extrovert
22579,Extrovert
22580,Extrovert
22581,Extrovert
22582,Extrovert
22583,Extrovert
22584,Extrovert
22585,Extrovert
22586,Extrovert
22587,Extrovert
22588,Extrovert
22589,Extrovert
22590,Extrovert
22591,Extrovert
22592,Extrovert
22593,Extrovert
22594,Extrovert
22595,Extrovert
22596,Extrovert
22597,Extrovert
22598,Extrovert
22599,Extrovert
22600,Extrovert
22601,Extrovert
22602,Extrovert
22603,Extrovert
22604,Extrovert
22605,Extrovert
22606,Extrovert
22607,Extrovert
22608,Extrovert
22609,Extrovert
22610,Extrovert
22611,Extrovert
22612,Extrovert
22613,Extrovert
22614,Extrovert
22615,Extrovert
22616,Extrovert
22617,Extrovert
22618,Extrovert
22619,Extrovert
22620,Extrovert
22621,Extrovert
22622,Extrovert
22623,Extrovert
22624,Extrovert
22625,Extrovert
22626,Extrovert
22627,Extrovert
22628,Extrovert
22629,Extrovert
22630,Extrovert
22631,Extrovert
22632,Extrovert
22633,Extrovert
22634,Extrovert
22635,Extrovert
22636,Extrovert
22637,Extrovert
22638,Extrovert
22639,Extrovert
22640,Extrovert
22641,Extrovert
22642,Extrovert
22643,Extrovert
22644,Extrovert
22645,Extrovert
22646,Extrovert
22647,Extrovert
22648,Extrovert
22649,Extrovert
22650,Extrovert
22651,Extrovert
22652,Extrovert
22653,Extrovert
22654,Extrovert
22655,Extrovert
22656,Extrovert
22657,Extrovert
22658,Extrovert
22659,Extrovert
22660,Extrovert
22661,Extrovert
22662,Extrovert
22663,Extrovert
22664,Extrovert
22665,Extrovert
22666,Extrovert
22667,Extrovert
22668,Extrovert
22669,Extrovert
22670,Extrovert
22671,Extrovert
22672,Extrovert
22673,Extrovert
22674,Extrovert
22675,Extrovert
22676,Extrovert
22677,Extrovert
22678,Extrovert
22679,Extrovert
22680,Extrovert
22681,Extrovert
22682,Extrovert
22683,Extrovert
22684,Extrovert
22685,Extrovert
22686,Extrovert
22687,Extrovert
22688,Extrovert
22689,Extrovert
22690,Extrovert
22691,Extrovert
22692,Extrovert
22693,Extrovert
22694,Extrovert
22695,Extrovert
22696,Extrovert
22697,Extrovert
22698,Extrovert
22699,Extrovert
22700,Extrovert
22701,Extrovert
22702,Extrovert
22703,Extrovert
22704,Extrovert
22705,Extrovert
22706,Extrovert
22707,Extrovert
22708,Extrovert
22709,Extrovert
22710,Extrovert
22711,Extrovert
22712,Extrovert
22713,Extrovert
22714,Extrovert
22715,Extrovert
22716,Extrovert
22717,Extrovert
22718,Extrovert
22719,Extrovert
22720,Extrovert
22721,Extrovert
22722,Extrovert
22723,Extrovert
22724,Extrovert
22725,Extrovert
22726,Extrovert
22727,Extrovert
22728,Extrovert
22729,Extrovert
22730,Extrovert
22731,Extrovert
22732,Extrovert
22733,Extrovert
22734,Extrovert
22735,Extrovert
22736,Extrovert
22737,Extrovert
22738,Extrovert
22739,Extrovert
22740,Extrovert
22741,Extrovert
22742,Extrovert
22743,Extrovert
22744,Extrovert
22745,Extrovert
22746,Extrovert
22747,Extrovert
22748,Extrovert
22749,Extrovert
22750,Extrovert
22751,Extrovert
22752,Extrovert
22753,Extrovert
22754,Extrovert
22755,Extrovert
22756,Extrovert
22757,Extrovert
22758,Extrovert
22759,Extrovert
22760,Extrovert
22761,Extrovert
22762,Extrovert
22763,Extrovert
22764,Extrovert
22765,Extrovert
22766,Extrovert
22767,Extrovert
22768,Extrovert
22769,Extrovert
22770,Extrovert
22771,Extrovert
22772,Extrovert
22773,Extrovert
22774,Extrovert
22775,Extrovert
22776,Extrovert
22777,Extrovert
22778,Extrovert
22779,Extrovert
22780,Extrovert
22781,Extrovert
22782,Extrovert
22783,Extrovert
22784,Extrovert
22785,Extrovert
22786,Extrovert
22787,Extrovert
22788,Extrovert
22789,Extrovert
22790,Extrovert
22791,Extrovert
22792,Extrovert
22793,Extrovert
22794,Extrovert
22795,Extrovert
22796,Extrovert
22797,Extrovert
22798,Extrovert
22799,Extrovert
22800,Extrovert
22801,Extrovert
22802,Extrovert
22803,Extrovert
22804,Extrovert
22805,Extrovert
22806,Extrovert
22807,Extrovert
22808,Extrovert
22809,Extrovert
22810,Extrovert
22811,Extrovert
22812,Extrovert
22813,Extrovert
22814,Extrovert
22815,Extrovert
22816,Extrovert
22817,Extrovert
22818,Extrovert
22819,Extrovert
22820,Extrovert
22821,Extrovert
22822,Extrovert
22823,Extrovert
22824,Extrovert
22825,Extrovert
22826,Extrovert
22827,Extrovert
22828,Extrovert
22829,Extrovert
22830,Extrovert
22831,Extrovert
22832,Extrovert
22833,Extrovert
22834,Extrovert
22835,Extrovert
22836,Extrovert
22837,Extrovert
22838,Extrovert
22839,Extrovert
22840,Extrovert
22841,Extrovert
22842,Extrovert
22843,Extrovert
22844,Extrovert
22845,Extrovert
22846,Extrovert
22847,Extrovert
22848,Extrovert
22849,Extrovert
22850,Extrovert
22851,Extrovert
22852,Extrovert
22853,Extrovert
22854,Extrovert
22855,Extrovert
22856,Extrovert
22857,Extrovert
22858,Extrovert
22859,Extrovert
22860,Extrovert
22861,Extrovert
22862,Extrovert
22863,Extrovert
22864,Extrovert
22865,Extrovert
22866,Extrovert
22867,Extrovert
22868,Extrovert
22869,Extrovert
22870,Extrovert
22871,Extrovert
22872,Extrovert
22873,Extrovert
22874,Extrovert
22875,Extrovert
22876,Extrovert
22877,Extrovert
22878,Extrovert
22879,Extrovert
22880,Extrovert
22881,Extrovert
22882,Extrovert
22883,Extrovert
22884,Extrovert
22885,Extrovert
22886,Extrovert
22887,Extrovert
22888,Extrovert
22889,Extrovert
22890,Extrovert
22891,Extrovert
22892,Extrovert
22893,Extrovert
22894,Extrovert
22895,Extrovert
22896,Extrovert
22897,Extrovert
22898,Extrovert
22899,Extrovert
22900,Extrovert
22901,Extrovert
22902,Extrovert
22903,Extrovert
22904,Extrovert
22905,Extrovert
22906,Extrovert
22907,Extrovert
22908,Extrovert
22909,Extrovert
22910,Extrovert
22911,Extrovert
22912,Extrovert
22913,Extrovert
22914,Extrovert
22915,Extrovert
22916,Extrovert
22917,Extrovert
22918,Extrovert
22919,Extrovert
22920,Extrovert
22921,Extrovert
22922,Extrovert
22923,Extrovert
22924,Extrovert
22925,Extrovert
22926,Extrovert
22927,Extrovert
22928,Extrovert
22929,Extrovert
22930,Extrovert
22931,Extrovert
22932,Extrovert
22933,Extrovert
22934,Extrovert
22935,Extrovert
22936,Extrovert
22937,Extrovert
22938,Extrovert
22939,Extrovert
22940,Extrovert
22941,Extrovert
22942,Extrovert
22943,Extrovert
22944,Extrovert
22945,Extrovert
22946,Extrovert
22947,Extrovert
22948,Extrovert
22949,Extrovert
22950,Extrovert
22951,Extrovert
22952,Extrovert
22953,Extrovert
22954,Extrovert
22955,Extrovert
22956,Extrovert
22957,Extrovert
22958,Extrovert
22959,Extrovert
22960,Extrovert
22961,Extrovert
22962,Extrovert
22963,Extrovert
22964,Extrovert
22965,Extrovert
22966,Extrovert
22967,Extrovert
22968,Extrovert
22969,Extrovert
22970,Extrovert
22971,Extrovert
22972,Extrovert
22973,Extrovert
22974,Extrovert
22975,Extrovert
22976,Extrovert
22977,Extrovert
22978,Extrovert
22979,Extrovert
22980,Extrovert
22981,Extrovert
22982,Extrovert
22983,Extrovert
22984,Extrovert
22985,Extrovert
22986,Extrovert
22987,Extrovert
22988,Extrovert
22989,Extrovert
22990,Extrovert
22991,Extrovert
22992,Extrovert
22993,Extrovert
22994,Extrovert
22995,Extrovert
22996,Extrovert
22997,Extrovert
22998,Extrovert
22999,Extrovert
23000,Extrovert
23001,Extrovert
23002,Extrovert
23003,Extrovert
23004,Extrovert
23005,Extrovert
23006,Extrovert
23007,Extrovert
23008,Extrovert
23009,Extrovert
23010,Extrovert
23011,Extrovert
23012,Extrovert
23013,Extrovert
23014,Extrovert
23015,Extrovert
23016,Extrovert
23017,Extrovert
23018,Extrovert
23019,Extrovert
23020,Extrovert
23021,Extrovert
23022,Extrovert
23023,Extrovert
23024,Extrovert
23025,Extrovert
23026,Extrovert
23027,Extrovert
23028,Extrovert
23029,Extrovert
23030,Extrovert
23031,Extrovert
23032,Extrovert
23033,Extrovert
23034,Extrovert
23035,Extrovert
23036,Extrovert
23037,Extrovert
23038,Extrovert
23039,Extrovert
23040,Extrovert
23041,Extrovert
23042,Extrovert
23043,Extrovert
23044,Extrovert
23045,Extrovert
23046,Extrovert
23047,Extrovert
23048,Extrovert
23049,Extrovert
23050,Extrovert
23051,Extrovert
23052,Extrovert
23053,Extrovert
23054,Extrovert
23055,Extrovert
23056,Extrovert
23057,Extrovert
23058,Extrovert
23059,Extrovert
23060,Extrovert
23061,Extrovert
23062,Extrovert
23063,Extrovert
23064,Extrovert
23065,Extrovert
23066,Extrovert
23067,Extrovert
23068,Extrovert
23069,Extrovert
23070,Extrovert
23071,Extrovert
23072,Extrovert
23073,Extrovert
23074,Extrovert
23075,Extrovert
23076,Extrovert
23077,Extrovert
23078,Extrovert
23079,Extrovert
23080,Extrovert
23081,Extrovert
23082,Extrovert
23083,Extrovert
23084,Extrovert
23085,Extrovert
23086,Extrovert
23087,Extrovert
23088,Extrovert
23089,Extrovert
23090,Extrovert
23091,Extrovert
23092,Extrovert
23093,Extrovert
23094,Extrovert
23095,Extrovert
23096,Extrovert
23097,Extrovert
23098,Extrovert
23099,Extrovert
23100,Extrovert
23101,Extrovert
23102,Extrovert
23103,Extrovert
23104,Extrovert
23105,Extrovert
23106,Extrovert
23107,Extrovert
23108,Extrovert
23109,Extrovert
23110,Extrovert
23111,Extrovert
23112,Extrovert
23113,Extrovert
23114,Extrovert
23115,Extrovert
23116,Extrovert
23117,Extrovert
23118,Extrovert
23119,Extrovert
23120,Extrovert
23121,Extrovert
23122,Extrovert
23123,Extrovert
23124,Extrovert
23125,Extrovert
23126,Extrovert
23127,Extrovert
23128,Extrovert
23129,Extrovert
23130,Extrovert
23131,Extrovert
23132,Extrovert
23133,Extrovert
23134,Extrovert
23135,Extrovert
23136,Extrovert
23137,Extrovert
23138,Extrovert
23139,Extrovert
23140,Extrovert
23141,Extrovert
23142,Extrovert
23143,Extrovert
23144,Extrovert
23145,Extrovert
23146,Extrovert
23147,Extrovert
23148,Extrovert
23149,Extrovert
23150,Extrovert
23151,Extrovert
23152,Extrovert
23153,Extrovert
23154,Extrovert
23155,Extrovert
23156,Extrovert
23157,Extrovert
23158,Extrovert
23159,Extrovert
23160,Extrovert
23161,Extrovert
23162,Extrovert
23163,Extrovert
23164,Extrovert
23165,Extrovert
23166,Extrovert
23167,Extrovert
23168,Extrovert
23169,Extrovert
23170,Extrovert
23171,Extrovert
23172,Extrovert
23173,Extrovert
23174,Extrovert
23175,Extrovert
23176,Extrovert
23177,Extrovert
23178,Extrovert
23179,Extrovert
23180,Extrovert
23181,Extrovert
23182,Extrovert
23183,Extrovert
23184,Extrovert
23185,Extrovert
23186,Extrovert
23187,Extrovert
23188,Extrovert
23189,Extrovert
23190,Extrovert
23191,Extrovert
23192,Extrovert
23193,Extrovert
23194,Extrovert
23195,Extrovert
23196,Extrovert
23197,Extrovert
23198,Extrovert
23199,Extrovert
23200,Extrovert
23201,Extrovert
23202,Extrovert
23203,Extrovert
23204,Extrovert
23205,Extrovert
23206,Extrovert
23207,Extrovert
23208,Extrovert
23209,Extrovert
23210,Extrovert
23211,Extrovert
23212,Extrovert
23213,Extrovert
23214,Extrovert
23215,Extrovert
23216,Extrovert
23217,Extrovert
23218,Extrovert
23219,Extrovert
23220,Extrovert
23221,Extrovert
23222,Extrovert
23223,Extrovert
23224,Extrovert
23225,Extrovert
23226,Extrovert
23227,Extrovert
23228,Extrovert
23229,Extrovert
23230,Extrovert
23231,Extrovert
23232,Extrovert
23233,Extrovert
23234,Extrovert
23235,Extrovert
23236,Extrovert
23237,Extrovert
23238,Extrovert
23239,Extrovert
23240,Extrovert
23241,Extrovert
23242,Extrovert
23243,Extrovert
23244,Extrovert
23245,Extrovert
23246,Extrovert
23247,Extrovert
23248,Extrovert
23249,Extrovert
23250,Extrovert
23251,Extrovert
23252,Extrovert
23253,Extrovert
23254,Extrovert
23255,Extrovert
23256,Extrovert
23257,Extrovert
23258,Extrovert
23259,Extrovert
23260,Extrovert
23261,Extrovert
23262,Extrovert
23263,Extrovert
23264,Extrovert
23265,Extrovert
23266,Extrovert
23267,Extrovert
23268,Extrovert
23269,Extrovert
23270,Extrovert
23271,Extrovert
23272,Extrovert
23273,Extrovert
23274,Extrovert
23275,Extrovert
23276,Extrovert
23277,Extrovert
23278,Extrovert
23279,Extrovert
23280,Extrovert
23281,Extrovert
23282,Extrovert
23283,Extrovert
23284,Extrovert
23285,Extrovert
23286,Extrovert
23287,Extrovert
23288,Extrovert
23289,Extrovert
23290,Extrovert
23291,Extrovert
23292,Extrovert
23293,Extrovert
23294,Extrovert
23295,Extrovert
23296,Extrovert
23297,Extrovert
23298,Extrovert
23299,Extrovert
23300,Extrovert
23301,Extrovert
23302,Extrovert
23303,Extrovert
23304,Extrovert
23305,Extrovert
23306,Extrovert
23307,Extrovert
23308,Extrovert
23309,Extrovert
23310,Extrovert
23311,Extrovert
23312,Extrovert
23313,Extrovert
23314,Extrovert
23315,Extrovert
23316,Extrovert
23317,Extrovert
23318,Extrovert
23319,Extrovert
23320,Extrovert
23321,Extrovert
23322,Extrovert
23323,Extrovert
23324,Extrovert
23325,Extrovert
23326,Extrovert
23327,Extrovert
23328,Extrovert
23329,Extrovert
23330,Extrovert
23331,Extrovert
23332,Extrovert
23333,Extrovert
23334,Extrovert
23335,Extrovert
23336,Extrovert
23337,Extrovert
23338,Extrovert
23339,Extrovert
23340,Extrovert
23341,Extrovert
23342,Extrovert
23343,Extrovert
23344,Extrovert
23345,Extrovert
23346,Extrovert
23347,Extrovert
23348,Extrovert
23349,Extrovert
23350,Extrovert
23351,Extrovert
23352,Extrovert
23353,Extrovert
23354,Extrovert
23355,Extrovert
23356,Extrovert
23357,Extrovert
23358,Extrovert
23359,Extrovert
23360,Extrovert
23361,Extrovert
23362,Extrovert
23363,Extrovert
23364,Extrovert
23365,Extrovert
23366,Extrovert
23367,Extrovert
23368,Extrovert
23369,Extrovert
23370,Extrovert
23371,Extrovert
23372,Extrovert
23373,Extrovert
23374,Extrovert
23375,Extrovert
23376,Extrovert
23377,Extrovert
23378,Extrovert
23379,Extrovert
23380,Extrovert
23381,Extrovert
23382,Extrovert
23383,Extrovert
23384,Extrovert
23385,Extrovert
23386,Extrovert
23387,Extrovert
23388,Extrovert
23389,Extrovert
23390,Extrovert
23391,Extrovert
23392,Extrovert
23393,Extrovert
23394,Extrovert
23395,Extrovert
23396,Extrovert
23397,Extrovert
23398,Extrovert
23399,Extrovert
23400,Extrovert
23401,Extrovert
23402,Extrovert
23403,Extrovert
23404,Extrovert
23405,Extrovert
23406,Extrovert
23407,Extrovert
23408,Extrovert
23409,Extrovert
23410,Extrovert
23411,Extrovert
23412,Extrovert
23413,Extrovert
23414,Extrovert
23415,Extrovert
23416,Extrovert
23417,Extrovert
23418,Extrovert
23419,Extrovert
23420,Extrovert
23421,Extrovert
23422,Extrovert
23423,Extrovert
23424,Extrovert
23425,Extrovert
23426,Extrovert
23427,Extrovert
23428,Extrovert
23429,Extrovert
23430,Extrovert
23431,Extrovert
23432,Extrovert
23433,Extrovert
23434,Extrovert
23435,Extrovert
23436,Extrovert
23437,Extrovert
23438,Extrovert
23439,Extrovert
23440,Extrovert
23441,Extrovert
23442,Extrovert
23443,Extrovert
23444,Extrovert
23445,Extrovert
23446,Extrovert
23447,Extrovert
23448,Extrovert
23449,Extrovert
23450,Extrovert
23451,Extrovert
23452,Extrovert
23453,Extrovert
23454,Extrovert
23455,Extrovert
23456,Extrovert
23457,Extrovert
23458,Extrovert
23459,Extrovert
23460,Extrovert
23461,Extrovert
23462,Extrovert
23463,Extrovert
23464,Extrovert
23465,Extrovert
23466,Extrovert
23467,Extrovert
23468,Extrovert
23469,Extrovert
23470,Extrovert
23471,Extrovert
23472,Extrovert
23473,Extrovert
23474,Extrovert
23475,Extrovert
23476,Extrovert
23477,Extrovert
23478,Extrovert
23479,Extrovert
23480,Extrovert
23481,Extrovert
23482,Extrovert
23483,Extrovert
23484,Extrovert
23485,Extrovert
23486,Extrovert
23487,Extrovert
23488,Extrovert
23489,Extrovert
23490,Extrovert
23491,Extrovert
23492,Extrovert
23493,Extrovert
23494,Extrovert
23495,Extrovert
23496,Extrovert
23497,Extrovert
23498,Extrovert
23499,Extrovert
23500,Extrovert
23501,Extrovert
23502,Extrovert
23503,Extrovert
23504,Extrovert
23505,Extrovert
23506,Extrovert
23507,Extrovert
23508,Extrovert
23509,Extrovert
23510,Extrovert
23511,Extrovert
23512,Extrovert
23513,Extrovert
23514,Extrovert
23515,Extrovert
23516,Extrovert
23517,Extrovert
23518,Extrovert
23519,Extrovert
23520,Extrovert
23521,Extrovert
23522,Extrovert
23523,Extrovert
23524,Extrovert
23525,Extrovert
23526,Extrovert
23527,Extrovert
23528,Extrovert
23529,Extrovert
23530,Extrovert
23531,Extrovert
23532,Extrovert
23533,Extrovert
23534,Extrovert
23535,Extrovert
23536,Extrovert
23537,Extrovert
23538,Extrovert
23539,Extrovert
23540,Extrovert
23541,Extrovert
23542,Extrovert
23543,Extrovert
23544,Extrovert
23545,Extrovert
23546,Extrovert
23547,Extrovert
23548,Extrovert
23549,Extrovert
23550,Extrovert
23551,Extrovert
23552,Extrovert
23553,Extrovert
23554,Extrovert
23555,Extrovert
23556,Extrovert
23557,Extrovert
23558,Extrovert
23559,Extrovert
23560,Extrovert
23561,Extrovert
23562,Extrovert
23563,Extrovert
23564,Extrovert
23565,Extrovert
23566,Extrovert
23567,Extrovert
23568,Extrovert
23569,Extrovert
23570,Extrovert
23571,Extrovert
23572,Extrovert
23573,Extrovert
23574,Extrovert
23575,Extrovert
23576,Extrovert
23577,Extrovert
23578,Extrovert
23579,Extrovert
23580,Extrovert
23581,Extrovert
23582,Extrovert
23583,Extrovert
23584,Extrovert
23585,Extrovert
23586,Extrovert
23587,Extrovert
23588,Extrovert
23589,Extrovert
23590,Extrovert
23591,Extrovert
23592,Extrovert
23593,Extrovert
23594,Extrovert
23595,Extrovert
23596,Extrovert
23597,Extrovert
23598,Extrovert
23599,Extrovert
23600,Extrovert
23601,Extrovert
23602,Extrovert
23603,Extrovert
23604,Extrovert
23605,Extrovert
23606,Extrovert
23607,Extrovert
23608,Extrovert
23609,Extrovert
23610,Extrovert
23611,Extrovert
23612,Extrovert
23613,Extrovert
23614,Extrovert
23615,Extrovert
23616,Extrovert
23617,Extrovert
23618,Extrovert
23619,Extrovert
23620,Extrovert
23621,Extrovert
23622,Extrovert
23623,Extrovert
23624,Extrovert
23625,Extrovert
23626,Extrovert
23627,Extrovert
23628,Extrovert
23629,Extrovert
23630,Extrovert
23631,Extrovert
23632,Extrovert
23633,Extrovert
23634,Extrovert
23635,Extrovert
23636,Extrovert
23637,Extrovert
23638,Extrovert
23639,Extrovert
23640,Extrovert
23641,Extrovert
23642,Extrovert
23643,Extrovert
23644,Extrovert
23645,Extrovert
23646,Extrovert
23647,Extrovert
23648,Extrovert
23649,Extrovert
23650,Extrovert
23651,Extrovert
23652,Extrovert
23653,Extrovert
23654,Extrovert
23655,Extrovert
23656,Extrovert
23657,Extrovert
23658,Extrovert
23659,Extrovert
23660,Extrovert
23661,Extrovert
23662,Extrovert
23663,Extrovert
23664,Extrovert
23665,Extrovert
23666,Extrovert
23667,Extrovert
23668,Extrovert
23669,Extrovert
23670,Extrovert
23671,Extrovert
23672,Extrovert
23673,Extrovert
23674,Extrovert
23675,Extrovert
23676,Extrovert
23677,Extrovert
23678,Extrovert
23679,Extrovert
23680,Extrovert
23681,Extrovert
23682,Extrovert
23683,Extrovert
23684,Extrovert
23685,Extrovert
23686,Extrovert
23687,Extrovert
23688,Extrovert
23689,Extrovert
23690,Extrovert
23691,Extrovert
23692,Extrovert
23693,Extrovert
23694,Extrovert
23695,Extrovert
23696,Extrovert
23697,Extrovert
23698,Extrovert
23699,Extrovert
23700,Extrovert
23701,Extrovert
23702,Extrovert
23703,Extrovert
23704,Extrovert
23705,Extrovert
23706,Extrovert
23707,Extrovert
23708,Extrovert
23709,Extrovert
23710,Extrovert
23711,Extrovert
23712,Extrovert
23713,Extrovert
23714,Extrovert
23715,Extrovert
23716,Extrovert
23717,Extrovert
23718,Extrovert
23719,Extrovert
23720,Extrovert
23721,Extrovert
23722,Extrovert
23723,Extrovert
23724,Extrovert
23725,Extrovert
23726,Extrovert
23727,Extrovert
23728,Extrovert
23729,Extrovert
23730,Extrovert
23731,Extrovert
23732,Extrovert
23733,Extrovert
23734,Extrovert
23735,Extrovert
23736,Extrovert
23737,Extrovert
23738,Extrovert
23739,Extrovert
23740,Extrovert
23741,Extrovert
23742,Extrovert
23743,Extrovert
23744,Extrovert
23745,Extrovert
23746,Extrovert
23747,Extrovert
23748,Extrovert
23749,Extrovert
23750,Extrovert
23751,Extrovert
23752,Extrovert
23753,Extrovert
23754,Extrovert
23755,Extrovert
23756,Extrovert
23757,Extrovert
23758,Extrovert
23759,Extrovert
23760,Extrovert
23761,Extrovert
23762,Extrovert
23763,Extrovert
23764,Extrovert
23765,Extrovert
23766,Extrovert
23767,Extrovert
23768,Extrovert
23769,Extrovert
23770,Extrovert
23771,Extrovert
23772,Extrovert
23773,Extrovert
23774,Extrovert
23775,Extrovert
23776,Extrovert
23777,Extrovert
23778,Extrovert
23779,Extrovert
23780,Extrovert
23781,Extrovert
23782,Extrovert
23783,Extrovert
23784,Extrovert
23785,Extrovert
23786,Extrovert
23787,Extrovert
23788,Extrovert
23789,Extrovert
23790,Extrovert
23791,Extrovert
23792,Extrovert
23793,Extrovert
23794,Extrovert
23795,Extrovert
23796,Extrovert
23797,Extrovert
23798,Extrovert
23799,Extrovert
23800,Extrovert
23801,Extrovert
23802,Extrovert
23803,Extrovert
23804,Extrovert
23805,Extrovert
23806,Extrovert
23807,Extrovert
23808,Extrovert
23809,Extrovert
23810,Extrovert
23811,Extrovert
23812,Extrovert
23813,Extrovert
23814,Extrovert
23815,Extrovert
23816,Extrovert
23817,Extrovert
23818,Extrovert
23819,Extrovert
23820,Extrovert
23821,Extrovert
23822,Extrovert
23823,Extrovert
23824,Extrovert
23825,Extrovert
23826,Extrovert
23827,Extrovert
23828,Extrovert
23829,Extrovert
23830,Extrovert
23831,Extrovert
23832,Extrovert
23833,Extrovert
23834,Extrovert
23835,Extrovert
23836,Extrovert
23837,Extrovert
23838,Extrovert
23839,Extrovert
23840,Extrovert
23841,Extrovert
23842,Extrovert
23843,Extrovert
23844,Extrovert
23845,Extrovert
23846,Extrovert
23847,Extrovert
23848,Extrovert
23849,Extrovert
23850,Extrovert
23851,Extrovert
23852,Extrovert
23853,Extrovert
23854,Extrovert
23855,Extrovert
23856,Extrovert
23857,Extrovert
23858,Extrovert
23859,Extrovert
23860,Extrovert
23861,Extrovert
23862,Extrovert
23863,Extrovert
23864,Extrovert
23865,Extrovert
23866,Extrovert
23867,Extrovert
23868,Extrovert
23869,Extrovert
23870,Extrovert
23871,Extrovert
23872,Extrovert
23873,Extrovert
23874,Extrovert
23875,Extrovert
23876,Extrovert
23877,Extrovert
23878,Extrovert
23879,Extrovert
23880,Extrovert
23881,Extrovert
23882,Extrovert
23883,Extrovert
23884,Extrovert
23885,Extrovert
23886,Extrovert
23887,Extrovert
23888,Extrovert
23889,Extrovert
23890,Extrovert
23891,Extrovert
23892,Extrovert
23893,Extrovert
23894,Extrovert
23895,Extrovert
23896,Extrovert
23897,Extrovert
23898,Extrovert
23899,Extrovert
23900,Extrovert
23901,Extrovert
23902,Extrovert
23903,Extrovert
23904,Extrovert
23905,Extrovert
23906,Extrovert
23907,Extrovert
23908,Extrovert
23909,Extrovert
23910,Extrovert
23911,Extrovert
23912,Extrovert
23913,Extrovert
23914,Extrovert
23915,Extrovert
23916,Extrovert
23917,Extrovert
23918,Extrovert
23919,Extrovert
23920,Extrovert
23921,Extrovert
23922,Extrovert
23923,Extrovert
23924,Extrovert
23925,Extrovert
23926,Extrovert
23927,Extrovert
23928,Extrovert
23929,Extrovert
23930,Extrovert
23931,Extrovert
23932,Extrovert
23933,Extrovert
23934,Extrovert
23935,Extrovert
23936,Extrovert
23937,Extrovert
23938,Extrovert
23939,Extrovert
23940,Extrovert
23941,Extrovert
23942,Extrovert
23943,Extrovert
23944,Extrovert
23945,Extrovert
23946,Extrovert
23947,Extrovert
23948,Extrovert
23949,Extrovert
23950,Extrovert
23951,Extrovert
23952,Extrovert
23953,Extrovert
23954,Extrovert
23955,Extrovert
23956,Extrovert
23957,Extrovert
23958,Extrovert
23959,Extrovert
23960,Extrovert
23961,Extrovert
23962,Extrovert
23963,Extrovert
23964,Extrovert
23965,Extrovert
23966,Extrovert
23967,Extrovert
23968,Extrovert
23969,Extrovert
23970,Extrovert
23971,Extrovert
23972,Extrovert
23973,Extrovert
23974,Extrovert
23975,Extrovert
23976,Extrovert
23977,Extrovert
23978,Extrovert
23979,Extrovert
23980,Extrovert
23981,Extrovert
23982,Extrovert
23983,Extrovert
23984,Extrovert
23985,Extrovert
23986,Extrovert
23987,Extrovert
23988,Extrovert
23989,Extrovert
23990,Extrovert
23991,Extrovert
23992,Extrovert
23993,Extrovert
23994,Extrovert
23995,Extrovert
23996,Extrovert
23997,Extrovert
23998,Extrovert
23999,Extrovert
24000,Extrovert
24001,Extrovert
24002,Extrovert
24003,Extrovert
24004,Extrovert
24005,Extrovert
24006,Extrovert
24007,Extrovert
24008,Extrovert
24009,Extrovert
24010,Extrovert
24011,Extrovert
24012,Extrovert
24013,Extrovert
24014,Extrovert
24015,Extrovert
24016,Extrovert
24017,Extrovert
24018,Extrovert
24019,Extrovert
24020,Extrovert
24021,Extrovert
24022,Extrovert
24023,Extrovert
24024,Extrovert
24025,Extrovert
24026,Extrovert
24027,Extrovert
24028,Extrovert
24029,Extrovert
24030,Extrovert
24031,Extrovert
24032,Extrovert
24033,Extrovert
24034,Extrovert
24035,Extrovert
24036,Extrovert
24037,Extrovert
24038,Extrovert
24039,Extrovert
24040,Extrovert
24041,Extrovert
24042,Extrovert
24043,Extrovert
24044,Extrovert
24045,Extrovert
24046,Extrovert
24047,Extrovert
24048,Extrovert
24049,Extrovert
24050,Extrovert
24051,Extrovert
24052,Extrovert
24053,Extrovert
24054,Extrovert
24055,Extrovert
24056,Extrovert
24057,Extrovert
24058,Extrovert
24059,Extrovert
24060,Extrovert
24061,Extrovert
24062,Extrovert
24063,Extrovert
24064,Extrovert
24065,Extrovert
24066,Extrovert
24067,Extrovert
24068,Extrovert
24069,Extrovert
24070,Extrovert
24071,Extrovert
24072,Extrovert
24073,Extrovert
24074,Extrovert
24075,Extrovert
24076,Extrovert
24077,Extrovert
24078,Extrovert
24079,Extrovert
24080,Extrovert
24081,Extrovert
24082,Extrovert
24083,Extrovert
24084,Extrovert
24085,Extrovert
24086,Extrovert
24087,Extrovert
24088,Extrovert
24089,Extrovert
24090,Extrovert
24091,Extrovert
24092,Extrovert
24093,Extrovert
24094,Extrovert
24095,Extrovert
24096,Extrovert
24097,Extrovert
24098,Extrovert
24099,Extrovert
24100,Extrovert
24101,Extrovert
24102,Extrovert
24103,Extrovert
24104,Extrovert
24105,Extrovert
24106,Extrovert
24107,Extrovert
24108,Extrovert
24109,Extrovert
24110,Extrovert
24111,Extrovert
24112,Extrovert
24113,Extrovert
24114,Extrovert
24115,Extrovert
24116,Extrovert
24117,Extrovert
24118,Extrovert
24119,Extrovert
24120,Extrovert
24121,Extrovert
24122,Extrovert
24123,Extrovert
24124,Extrovert
24125,Extrovert
24126,Extrovert
24127,Extrovert
24128,Extrovert
24129,Extrovert
24130,Extrovert
24131,Extrovert
24132,Extrovert
24133,Extrovert
24134,Extrovert
24135,Extrovert
24136,Extrovert
24137,Extrovert
24138,Extrovert
24139,Extrovert
24140,Extrovert
24141,Extrovert
24142,Extrovert
24143,Extrovert
24144,Extrovert
24145,Extrovert
24146,Extrovert
24147,Extrovert
24148,Extrovert
24149,Extrovert
24150,Extrovert
24151,Extrovert
24152,Extrovert
24153,Extrovert
24154,Extrovert
24155,Extrovert
24156,Extrovert
24157,Extrovert
24158,Extrovert
24159,Extrovert
24160,Extrovert
24161,Extrovert
24162,Extrovert
24163,Extrovert
24164,Extrovert
24165,Extrovert
24166,Extrovert
24167,Extrovert
24168,Extrovert
24169,Extrovert
24170,Extrovert
24171,Extrovert
24172,Extrovert
24173,Extrovert
24174,Extrovert
24175,Extrovert
24176,Extrovert
24177,Extrovert
24178,Extrovert
24179,Extrovert
24180,Extrovert
24181,Extrovert
24182,Extrovert
24183,Extrovert
24184,Extrovert
24185,Extrovert
24186,Extrovert
24187,Extrovert
24188,Extrovert
24189,Extrovert
24190,Extrovert
24191,Extrovert
24192,Extrovert
24193,Extrovert
24194,Extrovert
24195,Extrovert
24196,Extrovert
24197,Extrovert
24198,Extrovert
24199,Extrovert
24200,Extrovert
24201,Extrovert
24202,Extrovert
24203,Extrovert
24204,Extrovert
24205,Extrovert
24206,Extrovert
24207,Extrovert
24208,Extrovert
24209,Extrovert
24210,Extrovert
24211,Extrovert
24212,Extrovert
24213,Extrovert
24214,Extrovert
24215,Extrovert
24216,Extrovert
24217,Extrovert
24218,Extrovert
24219,Extrovert
24220,Extrovert
24221,Extrovert
24222,Extrovert
24223,Extrovert
24224,Extrovert
24225,Extrovert
24226,Extrovert
24227,Extrovert
24228,Extrovert
24229,Extrovert
24230,Extrovert
24231,Extrovert
24232,Extrovert
24233,Extrovert
24234,Extrovert
24235,Extrovert
24236,Extrovert
24237,Extrovert
24238,Extrovert
24239,Extrovert
24240,Extrovert
24241,Extrovert
24242,Extrovert
24243,Extrovert
24244,Extrovert
24245,Extrovert
24246,Extrovert
24247,Extrovert
24248,Extrovert
24249,Extrovert
24250,Extrovert
24251,Extrovert
24252,Extrovert
24253,Extrovert
24254,Extrovert
24255,Extrovert
24256,Extrovert
24257,Extrovert
24258,Extrovert
24259,Extrovert
24260,Extrovert
24261,Extrovert
24262,Extrovert
24263,Extrovert
24264,Extrovert
24265,Extrovert
24266,Extrovert
24267,Extrovert
24268,Extrovert
24269,Extrovert
24270,Extrovert
24271,Extrovert
24272,Extrovert
24273,Extrovert
24274,Extrovert
24275,Extrovert
24276,Extrovert
24277,Extrovert
24278,Extrovert
24279,Extrovert
24280,Extrovert
24281,Extrovert
24282,Extrovert
24283,Extrovert
24284,Extrovert
24285,Extrovert
24286,Extrovert
24287,Extrovert
24288,Extrovert
24289,Extrovert
24290,Extrovert
24291,Extrovert
24292,Extrovert
24293,Extrovert
24294,Extrovert
24295,Extrovert
24296,Extrovert
24297,Extrovert
24298,Extrovert
24299,Extrovert
24300,Extrovert
24301,Extrovert
24302,Extrovert
24303,Extrovert
24304,Extrovert
24305,Extrovert
24306,Extrovert
24307,Extrovert
24308,Extrovert
24309,Extrovert
24310,Extrovert
24311,Extrovert
24312,Extrovert
24313,Extrovert
24314,Extrovert
24315,Extrovert
24316,Extrovert
24317,Extrovert
24318,Extrovert
24319,Extrovert
24320,Extrovert
24321,Extrovert
24322,Extrovert
24323,Extrovert
24324,Extrovert
24325,Extrovert
24326,Extrovert
24327,Extrovert
24328,Extrovert
24329,Extrovert
24330,Extrovert
24331,Extrovert
24332,Extrovert
24333,Extrovert
24334,Extrovert
24335,Extrovert
24336,Extrovert
24337,Extrovert
24338,Extrovert
24339,Extrovert
24340,Extrovert
24341,Extrovert
24342,Extrovert
24343,Extrovert
24344,Extrovert
24345,Extrovert
24346,Extrovert
24347,Extrovert
24348,Extrovert
24349,Extrovert
24350,Extrovert
24351,Extrovert
24352,Extrovert
24353,Extrovert
24354,Extrovert
24355,Extrovert
24356,Extrovert
24357,Extrovert
24358,Extrovert
24359,Extrovert
24360,Extrovert
24361,Extrovert
24362,Extrovert
24363,Extrovert
24364,Extrovert
24365,Extrovert
24366,Extrovert
24367,Extrovert
24368,Extrovert
24369,Extrovert
24370,Extrovert
24371,Extrovert
24372,Extrovert
24373,Extrovert
24374,Extrovert
24375,Extrovert
24376,Extrovert
24377,Extrovert
24378,Extrovert
24379,Extrovert
24380,Extrovert
24381,Extrovert
24382,Extrovert
24383,Extrovert
24384,Extrovert
24385,Extrovert
24386,Extrovert
24387,Extrovert
24388,Extrovert
24389,Extrovert
24390,Extrovert
24391,Extrovert
24392,Extrovert
24393,Extrovert
24394,Extrovert
24395,Extrovert
24396,Extrovert
24397,Extrovert
24398,Extrovert
24399,Extrovert
24400,Extrovert
24401,Extrovert
24402,Extrovert
24403,Extrovert
24404,Extrovert
24405,Extrovert
24406,Extrovert
24407,Extrovert
24408,Extrovert
24409,Extrovert
24410,Extrovert
24411,Extrovert
24412,Extrovert
24413,Extrovert
24414,Extrovert
24415,Extrovert
24416,Extrovert
24417,Extrovert
24418,Extrovert
24419,Extrovert
24420,Extrovert
24421,Extrovert
24422,Extrovert
24423,Extrovert
24424,Extrovert
24425,Extrovert
24426,Extrovert
24427,Extrovert
24428,Extrovert
24429,Extrovert
24430,Extrovert
24431,Extrovert
24432,Extrovert
24433,Extrovert
24434,Extrovert
24435,Extrovert
24436,Extrovert
24437,Extrovert
24438,Extrovert
24439,Extrovert
24440,Extrovert
24441,Extrovert
24442,Extrovert
24443,Extrovert
24444,Extrovert
24445,Extrovert
24446,Extrovert
24447,Extrovert
24448,Extrovert
24449,Extrovert
24450,Extrovert
24451,Extrovert
24452,Extrovert
24453,Extrovert
24454,Extrovert
24455,Extrovert
24456,Extrovert
24457,Extrovert
24458,Extrovert
24459,Extrovert
24460,Extrovert
24461,Extrovert
24462,Extrovert
24463,Extrovert
24464,Extrovert
24465,Extrovert
24466,Extrovert
24467,Extrovert
24468,Extrovert
24469,Extrovert
24470,Extrovert
24471,Extrovert
24472,Extrovert
24473,Extrovert
24474,Extrovert
24475,Extrovert
24476,Extrovert
24477,Extrovert
24478,Extrovert
24479,Extrovert
24480,Extrovert
24481,Extrovert
24482,Extrovert
24483,Extrovert
24484,Extrovert
24485,Extrovert
24486,Extrovert
24487,Extrovert
24488,Extrovert
24489,Extrovert
24490,Extrovert
24491,Extrovert
24492,Extrovert
24493,Extrovert
24494,Extrovert
24495,Extrovert
24496,Extrovert
24497,Extrovert
24498,Extrovert
24499,Extrovert
24500,Extrovert
24501,Extrovert
24502,Extrovert
24503,Extrovert
24504,Extrovert
24505,Extrovert
24506,Extrovert
24507,Extrovert
24508,Extrovert
24509,Extrovert
24510,Extrovert
24511,Extrovert
24512,Extrovert
24513,Extrovert
24514,Extrovert
24515,Extrovert
24516,Extrovert
24517,Extrovert
24518,Extrovert
24519,Extrovert
24520,Extrovert
24521,Extrovert
24522,Extrovert
24523,Extrovert
24524,Extrovert
24525,Extrovert
24526,Extrovert
24527,Extrovert
24528,Extrovert
24529,Extrovert
24530,Extrovert
24531,Extrovert
24532,Extrovert
24533,Extrovert
24534,Extrovert
24535,Extrovert
24536,Extrovert
24537,Extrovert
24538,Extrovert
24539,Extrovert
24540,Extrovert
24541,Extrovert
24542,Extrovert
24543,Extrovert
24544,Extrovert
24545,Extrovert
24546,Extrovert
24547,Extrovert
24548,Extrovert
24549,Extrovert
24550,Extrovert
24551,Extrovert
24552,Extrovert
24553,Extrovert
24554,Extrovert
24555,Extrovert
24556,Extrovert
24557,Extrovert
24558,Extrovert
24559,Extrovert
24560,Extrovert
24561,Extrovert
24562,Extrovert
24563,Extrovert
24564,Extrovert
24565,Extrovert
24566,Extrovert
24567,Extrovert
24568,Extrovert
24569,Extrovert
24570,Extrovert
24571,Extrovert
24572,Extrovert
24573,Extrovert
24574,Extrovert
24575,Extrovert
24576,Extrovert
24577,Extrovert
24578,Extrovert
24579,Extrovert
24580,Extrovert
24581,Extrovert
24582,Extrovert
24583,Extrovert
24584,Extrovert
24585,Extrovert
24586,Extrovert
24587,Extrovert
24588,Extrovert
24589,Extrovert
24590,Extrovert
24591,Extrovert
24592,Extrovert
24593,Extrovert
24594,Extrovert
24595,Extrovert
24596,Extrovert
24597,Extrovert
24598,Extrovert
24599,Extrovert
24600,Extrovert
24601,Extrovert
24602,Extrovert
24603,Extrovert
24604,Extrovert
24605,Extrovert
24606,Extrovert
24607,Extrovert
24608,Extrovert
24609,Extrovert
24610,Extrovert
24611,Extrovert
24612,Extrovert
24613,Extrovert
24614,Extrovert
24615,Extrovert
24616,Extrovert
24617,Extrovert
24618,Extrovert
24619,Extrovert
24620,Extrovert
24621,Extrovert
24622,Extrovert
24623,Extrovert
24624,Extrovert
24625,Extrovert
24626,Extrovert
24627,Extrovert
24628,Extrovert
24629,Extrovert
24630,Extrovert
24631,Extrovert
24632,Extrovert
24633,Extrovert
24634,Extrovert
24635,Extrovert
24636,Extrovert
24637,Extrovert
24638,Extrovert
24639,Extrovert
24640,Extrovert
24641,Extrovert
24642,Extrovert
24643,Extrovert
24644,Extrovert
24645,Extrovert
24646,Extrovert
24647,Extrovert
24648,Extrovert
24649,Extrovert
24650,Extrovert
24651,Extrovert
24652,Extrovert
24653,Extrovert
24654,Extrovert
24655,Extrovert
24656,Extrovert
24657,Extrovert
24658,Extrovert
24659,Extrovert
24660,Extrovert
24661,Extrovert
24662,Extrovert
24663,Extrovert
24664,Extrovert
24665,Extrovert
24666,Extrovert
24667,Extrovert
24668,Extrovert
24669,Extrovert
24670,Extrovert
24671,Extrovert
24672,Extrovert
24673,Extrovert
24674,Extrovert
24675,Extrovert
24676,Extrovert
24677,Extrovert
24678,Extrovert
24679,Extrovert
24680,Extrovert
24681,Extrovert
24682,Extrovert
24683,Extrovert
24684,Extrovert
24685,Extrovert
24686,Extrovert
24687,Extrovert
24688,Extrovert
24689,Extrovert
24690,Extrovert
24691,Extrovert
24692,Extrovert
24693,Extrovert
24694,Extrovert
24695,Extrovert
24696,Extrovert
24697,Extrovert
24698,Extrovert
